channel_id,all_comment_count,eng_comment_count
UC-0unh5x9WSd6aj0OGxrgaA,59,4
UC-3sBKh8YYbG2KyVHnSyA1A,32,21
UC-9b7aDP6ZN0coj9-xFnrtw,28,28
UC-AlofdKECUdhXrbJQZ6iEg,91,41
UC-B0ARaD-Y0p95aAqbbawQQ,23,17
UC-CBQChrXvLzYc9oxpMfFPg,38,10
UC-CSyyi47VX1lD9zyeABW3w,39,27
UC-D4LfKD1LYd_GoqwL7dd6Q,31,27
UC-EnprmCZ3OXyAoG7vjVNCA,36,31
UC-FUM0zTj88J7bKIT6PidmA,19,16
UC-KTRBl9_6AX10-Y7IKwKdw,26,18
UC-OkQ5JhnX5wCAgYJRxi6bw,7,4
UC-QTh5HFiw28MwFrmFrRjzA,94,76
UC-SkUab6CMjeSzlO6JN5yng,12,6
UC-UGUUaSrcXxNftujxaErdg,31,24
UC-V0JMkSlpUyQ1DxWn_Pi4g,32,8
UC-VNOmCXKmsss7zpvS3RbOQ,33,27
UC-WMwOzgFdvvGVLB1EZ-n-w,29,22
UC-he8--TRguZ-nNUSiH77Uw,26,16
UC-iEDvQSU9q6G5MR4Prp_Tw,25,14
UC-iLj0O7941O6BXMcaZsA_w,40,36
UC-kIIbllnhNe7rlqNYMtVoA,26,15
UC-nPM1_kSZf91ZGkcgy_95Q,22,18
UC-p_YEaF3-cLUAmYuUOpgqA,1,1
UC-ptWR16ITQyYOglXyQmpzw,4,4
UC-tLyAaPbRZiYrOJxAGB7dQ,34,29
UC-uNVV92llYIMC5-ZUF0Q4w,32,26
UC-z5oN_BPJs4Bi9sCH75rqw,4,3
UC00ifCvU8YOOzbL3RdiSTDw,25,16
UC00v5l55jh7OQqcHXrCHQDw,32,8
UC02rAIf5RYrww6AWhoI5S0w,59,48
UC05DLAXA9jl1bxaoopjs83w,27,20
UC07-dOwgza1IguKA86jqxNA,24,20
UC0A86RKLCqTEUna3hPlEpzg,27,11
UC0BGhWsIbV7Dm-lsvhdlMbA,30,22
UC0BletW9phE4xHFM44q4qKA,34,21
UC0Cyf-sOPE0AGY41I6andkQ,43,35
UC0DsQklZE7kyWTx98QPapwA,35,33
UC0GbKJaeEN9k5CG1NLbN6Ow,31,24
UC0GmLw5MOFYkcyYJlqaH2bg,29,7
UC0JO-FDmcF2lFP1l-rsmBWg,1,1
UC0MPfq68TQjStJt5-xklLeA,30,26
UC0NM4tKT5s9szqnK3jp6dEw,9,6
UC0NfgQvgO8X7llW1GOhQKWw,95,77
UC0POxtMZgb3VLI4gd03bDYQ,10,3
UC0PRIrhVeQ7MvPn8r_Zr4kQ,81,48
UC0QHWhjbe5fGJEPz3sVb6nw,157,143
UC0Rp4wkphkKwnL2qJB8XnKw,30,25
UC0StMWrlJkpiXE2PrytcoHw,37,34
UC0Um8gFJciY_3gtlVD0-d1w,33,13
UC0VOyT2OCBKdQhF3BAbZ-1g,30,19
UC0WP5P-ufpRfjbNrmOWwLBQ,59,32
UC0YbFiLN8fcvtWC5Jtt1Vzw,56,31
UC0YdQLeS-QMU68nvIIWOFCA,30,23
UC0aSHiQNMy8IMmS7_8WbtdA,37,33
UC0cd_-e49hZpWLH3UIwoWRA,20,15
UC0dx1Fa4nt3FRWWG5IcdOEQ,29,27
UC0iiLOT3Jnefq_5Ohk2fJhg,82,41
UC0k238zFx-Z8xFH0sxCrPJg,39,32
UC0kejkXg2LG-pFqAeWD_zLQ,36,17
UC0n5zrwFJhFmUtjf21k08cg,37,34
UC0p5jTq6Xx_DosDFxVXnWaQ,98,87
UC0xAWNc3HiioXYmbpEx1pIA,72,60
UC10qbUzr5SqQPMKxNxpGv1Q,20,16
UC12zxxedZWx_-E1wrhBHy_A,158,93
UC14PsVSS3tpfEaTa-t9Vsrw,38,23
UC14UlmYlSNiQCBe9Eookf_A,34,12
UC16niRr50-MSBwiO3YDb3RA,693,598
UC176GAQozKKjhz62H8u9vQQ,146,130
UC18fv3yDege-nPN5zO48eHg,34,18
UC1Ax24VdEPbE5p5__EfAX-A,29,27
UC1Bbtdbpfert8leeKx2mssw,31,21
UC1Cp5caGwHvJZxHoevGoDdA,37,25
UC1D26ByrbZVwuMgjVWmsOuw,29,20
UC1D3yD4wlPMico0dss264XA,25,20
UC1IQIspOkCeV3WnYm32SBFQ,34,32
UC1Mh6LN5m80lvSdcXi0OM1Q,31,20
UC1NlvNg7p6m1kFuudR2UZ0w,29,17
UC1PutYRxIS9eHuX9ymNI51A,34,15
UC1RMpjsUQcBuel6-GIeV9Cw,121,50
UC1S3EiYLDrrVc3Ev9rdUE6A,38,31
UC1T-ZwcYVQB6EpqOQD10tmw,30,0
UC1Yf7IBfhSNFTIyb7v83o_g,31,29
UC1_wTS4HNPMqpLe3m7h79ag,29,18
UC1gT25MvrRgUm9jQmVeDp5A,39,5
UC1hvx0aUibwayB4JFE0b05A,30,25
UC1jhV8buk475760JtbyrnCQ,37,16
UC1oPBUWifc0QOOY8DEKhLuQ,58,3
UC1pfMSQ2GwZxl7Xn2PupxyA,27,12
UC1qi29JIh37TEbl5Bn-m_zw,72,55
UC1rcsQHdpWyEsKWMe4l_m6A,38,21
UC1sELGmy5jp5fQUugmuYlXQ,26,17
UC1tk9F5-MGXEq4LWnjmrtpA,4,0
UC1uZYgOfncA-Gnk0GsLVK5A,32,3
UC1xNraQytCPsaoO5N7_YABw,31,26
UC1xvRxqTWRyuZyVO1QZKI2Q,31,23
UC1yNl2E66ZzKApQdRuTQ4tw,368,348
UC2-6nSxJ50MLhWm9QvOohMw,26,19
UC21I6tEyHTeSblJn8WBo0Jw,21,12
UC257b6MFXKs7JrxZGHOPH1w,32,6
UC27Q3ls_w78LPo5Juo8p3Aw,32,16
UC284Za0seKV8WGZJO4gltFg,6,5
UC29ThLVR45Xgio76683lpHg,3,2
UC2BDs0pu-C1A4POY0g9rZxw,62,30
UC2C_jShtL725hvbm1arSV9w,26,20
UC2D2CMWXMOVWx7giW1n3LIg,54,49
UC2H_sYOZkk9vBFPzx1fmWBw,25,2
UC2IzfN6qRP4ld2H6BKB1uKg,33,13
UC2J-0g_nxlwcD9JBK1eTleQ,29,27
UC2KfmYEM4KCuA1ZurravgYw,91,69
UC2MHTOXktfTK26aDKyQs3cQ,34,22
UC2MQQlBUxljQ_j81cx_o1LQ,30,15
UC2OPPQoFSorD_tB_tlCwpEQ,33,26
UC2SqHs9JwrwjuV6HLD3W9sQ,6,1
UC2UXDak6o7rBm23k3Vv5dww,28,22
UC2WuPTt0k8yDJpfenggOAVQ,29,14
UC2Zs9v2hL2qZZ7vsAENsg4w,4,4
UC2a6HBSxlWXKXjPVoKLxc2g,7,7
UC2aG3ddqJs7GU-Fq0ETgSLg,33,0
UC2cL3pI1H3tiozKif6A8fmA,32,32
UC2dxiip2L5FipdwX2i93MKw,30,2
UC2gzGsZhfo_BmCI4fsETH7w,120,30
UC2iUwfYi_1FCGGqhOUNx-iA,36,32
UC2ih0UcIYcDxU1-gB68W1PA,58,45
UC2jOcQnwJDw5D25dMFrIUJQ,27,24
UC2prVaTYvPljklrty7GBZ1g,30,14
UC2qKQjnZI_tnG7XemGBOHxQ,35,29
UC2sLtDxcntvFq2ARAVoprLg,52,20
UC2vhx3TcmtbKhJmgvQNdPHg,16,11
UC2wTnMBvQ_TH0qn5rJl8hWQ,33,23
UC2xBh2nwvOwBqnA1tEbPCZw,73,49
UC2xj044cgBpoXOnfQZhO5Yg,77,12
UC2yq41wib1MOacBef2crlbw,27,25
UC2zuipdDU9Dp5FFPtZ-y3rQ,37,25
UC3-8wdy7KcSa5KloEm0vp9A,24,1
UC305byCobfeNGA4XEZQmnLQ,38,3
UC362wXiUbL4_okVgEPdHqmQ,35,23
UC3DFdy_qc-cqgKCyQTHLGzA,53,37
UC3ITEPB1plAEtHf5Cm8nQLA,25,16
UC3IZKseVpdzPSBaWxBxundA,33,14
UC3K_V0FgEq_6SuA6X54z3GQ,30,23
UC3N5y6UWKJaKqoU2b_0MfTQ,33,18
UC3NJVkGUkPwvWwWpQG-67Ag,24,14
UC3OOIib8F59y4qzSjKiZZ3A,16,2
UC3Rkc5AnVil_2qt6IwEEXaw,33,0
UC3SM8yOKKwU8PYqwsNP5rGA,25,23
UC3VWbWk8qDBiF0741izgpQg,59,51
UC3XTzVzaHQEd30rQbuvCtTQ,26,22
UC3c8H4Tlnm5M6pXsVMGnmNg,31,31
UC3ifTl5zKiCAhHIBQYcaTeg,37,11
UC3iwxKMRg5l2aDG_8XK2nSQ,34,19
UC3plrhJApuJ_uapz_AMf7tw,24,19
UC3qp2FCeaQ5HhA3jHWHbrxg,29,26
UC3rrzHpFzshYjIMk8YFc52w,29,14
UC3xZYc4SZUGfRERIvDRGqDQ,32,26
UC3yrASSnYnr1rPvTUmU-Qzg,56,19
UC415bOPUcGSamy543abLmRA,123,106
UC42pOSNg804f1wCcj7qL0mA,189,171
UC46vj6mN-6kZm5RYWWqebsg,62,58
UC4BzfoDeAwqdNckkp0htOuQ,87,57
UC4C6jpQu4eChkMwaWuaQvSA,14,13
UC4CAxaO75mfkPr3GRiSGE_w,28,16
UC4CepjymvDjsas2g05GxtPw,30,18
UC4DLvb5xZ9OLcVM1KC_R97g,31,2
UC4ELmvRt24gNmbeS3EqDkNg,7,4
UC4JX40jDee_tINbkjycV4Sg,64,57
UC4KyTCx8kpTwoyqbRoOFnVA,24,0
UC4NtCXEWUj3mu-4n7TUxA2w,34,12
UC4QZ_LsYcvcq7qOsOhpAX4A,25,23
UC4SVo0Ue36XCfOyb5Lh1viQ,70,51
UC4UWbQ23IbWwU-XG7XIWxvQ,29,20
UC4XJeGGdXj0vA4CxDDJ8J_A,29,7
UC4XrBtU7fwDmR15GML18KcQ,29,17
UC4a-Gbdw7vOaccHmFo40b9g,29,23
UC4eegkSVzV56kTrSpvL6BKQ,27,20
UC4gD0czpXVv_LpADTSU624g,65,61
UC4hwR9831LIKr9wKQOO_ZYA,30,8
UC4ijq8Cg-8zQKx8OH12dUSw,30,28
UC4kronjAGs7kTc9vH3BWK2Q,68,32
UC4lnpEse_SnqheLmcbbumig,57,55
UC4lp9Emg1ci8eo2eDkB-Tag,113,86
UC4qGmRZ7aLOLfVsSdj5Se2A,74,48
UC4rZpoEdeFLF4x9walsyoSw,31,10
UC4rlAVgAK0SGk-yTfe48Qpw,72,51
UC4sEmXUuWIFlxRIFBRV6VXQ,25,23
UC4uJlNGyJgcuBXeFpo2Wxew,24,12
UC4ukq--KwuB31q3VyNs_BdA,28,27
UC4vT3qTr8fwVS7IsPgqaGCQ,27,12
UC4wOd-OGys-RKbv9FYFGRvA,92,87
UC4xHcg7a7hMoHgXerjRKiyA,34,25
UC4zNtKX3XTplYQWNFPorvXQ,33,17
UC505hkZmukH32DjoqkPA8UQ,64,58
UC515BDgBYXCc22q6lMENU-g,16,11
UC52kszkc08-acFOuogFl5jw,61,52
UC55HiTglyGMk1B33Lx9X7CQ,8,8
UC55hzEBczDivH31zVueh8Gg,28,0
UC56dNUTok1pgvpY75CsJQ4Q,65,7
UC59K-uG2A5ogwIrHw4bmlEg,132,109
UC5CugyvTdOloiuTc9nN09TA,36,34
UC5EcQrgvXsgGLR4ukxBTM8w,34,29
UC5FNGaz7gMK1GaqHeQ_INYQ,8,4
UC5FZ8PMYt4h4MHtDjgiTklA,33,22
UC5H9MzrMkJ5iuN11vV2PLhA,69,20
UC5IuDMmKWSsBFB0iKky6aEQ,31,29
UC5LgwusHqV8Ibl18sRaGTgg,31,23
UC5NsCSD7fuNzczbEliIIa0w,30,6
UC5QciHe35MiA_adJZUI-TCA,262,208
UC5Qj4RxFiIBYSH-1jKVjNqQ,30,27
UC5QvDEFmd-KLWz6p6CSDehA,12,8
UC5Sl4VbJELXi9SCaWbTdXfA,5,5
UC5T7D-Dh1eDGtsAFCuwv_Sw,1,1
UC5WjFrtBdufl6CZojX3D8dQ,63,45
UC5Wz4fFacYuON6IKbhSa7Zw,41,39
UC5Y1pPVNm-odhiubuRO1D6A,31,4
UC5Z010wx1Yy_sQA6wNji93w,36,27
UC5apxzE3aEOpvP0XkeuW8mw,24,3
UC5asLXjw7vevJAKe0f4qtlA,6,3
UC5c7sXwWNvA-KQ_b7OxdsMg,34,22
UC5cs06DgLFeyLIF_II7lWCQ,35,0
UC5f5IV0Bf79YLp_p9nfInRA,30,13
UC5g3t_XWCC2jNLFA1POenCw,1,1
UC5hXaKEUulRpdBoivsmCSTw,30,17
UC5nw8exLddNg1nBm8stemdg,42,19
UC5oMpJJ5poXbBgABWwnuW5w,29,23
UC5p10kZrTNj5kHaRfSCNOQA,27,22
UC5rP-wFWe80lXN0unKDoulg,5,5
UC5zS0_6TYr17qTnvw_9vang,31,7
UC6-EmBtXmXOMPF-vWr9YaJA,31,28
UC61tzH0mtu0nuZIQikxT9FQ,27,10
UC63FOuee249Jpg1O075KFwQ,32,27
UC63mNFJR8EAb8wAIJwoCmTA,73,37
UC64ssaQO8MZiLOYqUHFxIEQ,5,3
UC6A_LC-A5NVJ2vw9A0OjCug,26,19
UC6DlKHO4DAHjB6fBqqI11cA,32,24
UC6Fm1WbZBIp-0OXXHWV_PRQ,34,29
UC6H07z6zAwbHRl4Lbl0GSsw,36,22
UC6JhCqFwuSBJfseypJ2HZMw,33,6
UC6LyRXD915GDOFM_5unRfxg,70,41
UC6Mv5oj8daFztwg3jOkQjMA,31,0
UC6PT7R13JtDjTxZZ_dUafKQ,30,8
UC6QZ_ss3i_8qLV_RczPZBkw,116,35
UC6SrBgEY5mUqiadXsz070GQ,31,24
UC6ZCeXD14B7WAJO5nsjGryw,28,23
UC6_K7-Jthgq6hKUu55xC91Q,34,15
UC6d8KgYWSqVuCG7UXMEZt3Q,31,22
UC6n8I1UDTKP1IWjQMg6_TwA,28,26
UC6p0XC87axfwEtXeZEX3qWw,30,18
UC6rlSDvtzpYWgKrYnpjoH5Q,30,10
UC6rrBCCDvrDFcOJHifruL5A,68,54
UC6yzV_xgKn8r77FkcmZyMSg,5,5
UC74O4b7mg9vC6pbRIxTPibQ,5,4
UC762LVwv3LLuEtAvP_-tpfA,165,59
UC78mJyZPMa_OG08KLHjhODw,35,29
UC7BhHN8NyMMru2RUygnDXSg,86,72
UC7DdEm33SyaTDtWYGO2CwdA,35,30
UC7IcJI8PUf5Z3zKxnZvTBog,94,74
UC7JDBUzkcwRGtQGia3_mMgQ,31,24
UC7NXS92qRh43K0RGUTxRIew,30,2
UC7P2WwdpanJBvQmiYyQ-pRg,19,17
UC7WBxkuclmInB50j62iwegA,2,1
UC7_gcs09iThXybpVgjHZ_7g,29,26
UC7bYyWCCCLHDU0ZuNzGNTtg,34,31
UC7c8wbA9yQjzxkj2uyrHrkg,33,9
UC7ekA5squ12MDEy5upvpo7A,32,31
UC7fWeaHhqgM4Ry-RMpM2YYw,35,31
UC7kpCjVmzNj-UlIqwAQqBsw,37,14
UC7ovu6a8ydIbDy0fAKmoZ9A,65,2
UC7qPz_-prgjFyKGcnqJ9aKA,25,20
UC7qwmMOCk-q0KaROR7s7lGg,22,8
UC7r6YicDjoE_CzEM0h3Trww,25,5
UC7rSK4MI1HhnxrnBEozm53w,25,18
UC7rsYYvQbqQrJDGhqWmtAgQ,86,70
UC7szm7Z-YOF_HiFSY7KtYGw,36,12
UC7tWp_Yl6TwflcppyVDK_NA,16,9
UC7wjh3Dqg7JDy5vS82bR6QQ,33,29
UC80QkOQNihd9A8jjy0h5hhw,23,17
UC80Z-cIOdR6upfnrPJ8Q00A,38,32
UC83ou3zkohKwWEL5RluEy2A,33,2
UC84t1K5ri-7u9bFCaUKTXDA,27,16
UC85VW73bQLEjs_taFKP7TwQ,51,39
UC88KSXMWdkv50V1Wm8CAYWg,30,1
UC8B1sNPsg-VSCq6hkZdt9qw,59,37
UC8EP21iEkGNcKOSpOuJw4Dw,37,25
UC8Ld9PAhpOeBbNtLEoNlbUA,4,0
UC8LeXCWOalN8SxlrPcG-PaQ,11,0
UC8NJYzIiErJvwdN_ZG-JBXA,35,25
UC8R3qX--mc_Let6HZHGpnPQ,22,8
UC8T81Q-rEobLa-YuQKj8L1A,27,14
UC8ThsX-gyKKuuN9qo1PJ0-Q,25,19
UC8VhAX-voAUegprM4SpHQJQ,26,19
UC8X6rEFU-vJ1BE-d3NKJfLQ,21,5
UC8YgWcDKi1rLbQ1OtrOHeDw,26,19
UC8aFYW6sAdJT0sJg0GPhzGg,24,15
UC8bTQzxgvKkXDAaWkeuUlkg,23,16
UC8butISFwT-Wl7EV0hUK0BQ,606,488
UC8dRuwQLtfdfARmg77ZKq7w,24,0
UC8idW5eCOVi6Maau2efdKPQ,38,32
UC8jkbVLPvztz8TuE98OYo8Q,27,25
UC8lKgUHo-2mSR5cRRXO9xow,1,1
UC8lSbddTjlDrF0lHEeGM8rg,31,8
UC8lVvurdhqV2-cTizQjh4wQ,113,16
UC8mWYDxedkJmUReAiA3ze9w,49,29
UC8n-7kb2RGV7TidMWzHl7EQ,32,14
UC8p1vwvWtl6T73JiExfWs1g,21,19
UC8voJ9Sjb9tdf2jVByTKlFQ,68,62
UC8zQiuT0m1TELequJ5sp5zw,27,0
UC95bEkaIgwhxSjSsdMFXYGg,110,59
UC97qxGRmPsyfV0Miz7AxU2A,11,7
UC98tcedR6gULv8_b70WJKyw,30,19
UC99hZHMdxBDcjO-yYT1fDgg,10,8
UC9A9-hJ21nrQXNoCzCH7Gag,29,25
UC9Af1bn_bc6_Lwrr4SM6Qkg,33,19
UC9BAayugOCs1MRYUa5s9nkA,1,0
UC9ET3GTgAhGC0jGf5yTXQTg,97,79
UC9EYldgBLKw3EqnSk95Q37w,4,1
UC9EgazNjxm-_3eydGQR45rQ,33,13
UC9K44RtwiROAwCpALm1wdyQ,33,26
UC9L_ZcFAtqA3o3cwo56ejMA,35,7
UC9MAhLcXqWZo2CKlFjLpDEA,28,17
UC9MAhZQQd9egwWCxrwSIsJQ,27,25
UC9MU35bTvG9t06yf70hcGqQ,77,74
UC9OqJwkkvJTQoHUKi1y8LoQ,26,18
UC9PVYlrwFSlqG7w8TDsqRvQ,24,0
UC9RM-iSvTu1uPJb8X5yp3EQ,34,34
UC9SVhrnsGxWwiBRWT9c7Ozw,27,26
UC9Tib0IsWBst6tlQ-p3L4Pw,24,20
UC9cpGw2hVv-6G-76HO22jQg,61,16
UC9dyrsYEmD4iGJ8Oz1G5dpw,38,16
UC9eaNdd1t64xLogaRVmGrow,3,0
UC9fJ0Ic5ki8XL8p2KUs4hmA,10,4
UC9guUZ_cJNtNTCsReHlIg1A,4,0
UC9hHiwe_gqxdHG3X1UGJEEA,29,15
UC9jbx97WHiM7aPA_A3Sl6hQ,33,28
UC9jqaqnrukj-VlYEHLF_S0w,28,19
UC9pzK5rFu0roGKcLNOBQ2bw,24,20
UC9r9HYFxEQOBXSopFS61ZWg,33,29
UC9rEXaObaNCOYU-bpElHntQ,18,1
UC9x0AN7BWHpCDHSm9NiJFJQ,120,108
UC9xghV-TcBwGvK-aEMhpt5w,27,26
UC9zX2xZIJ4cnwRsgBpHGvMg,34,15
UCA19mAJURyYHbJzhfpqhpCA,33,28
UCA1pil7GfHhJugZAhrDtTVQ,27,17
UCA5Kea1lxIUjcenLBujJt_Q,5,3
UCA5pIrTB-nK98lkFrTdRyfQ,28,14
UCA5scr9hNC7nMmDhdU8hkXA,23,12
UCABeEbafXvyp4Q2N_OOYi6g,34,2
UCACU6FM4RgOgX0IHB7dudFA,122,47
UCAF6O8b0QajgcNfT4kcPyNQ,27,16
UCAI5QLNSOSzOQTYCyNA06EQ,28,12
UCAL3JXZSzSm8AlZyD3nQdBA,31,25
UCAM2fyCjEdROyELretVTiiw,35,16
UCANLZYMidaCbLQFWXBC95Jg,60,43
UCAQOf_uPOJ6rXO_k9RwfK3A,39,25
UCAQg09FkoobmLquNNoO4ulg,32,24
UCASGyre6VNuPsF5f9f9nm8g,35,25
UCASNJRaxmqOljWhyagDdgOA,16,10
UCATNzbTbfeoMhNonZGZmrhA,28,25
UCAWn8LWOOorLB3OOwj6JwmQ,25,16
UCAYo8etw9D_IXLGgnr45Cfw,29,10
UCAZsAvNyldyiJWTuUFQnkfQ,35,29
UCAcgY29Ow-ggJSldNTTBdZA,20,17
UCAidhU356a0ej2MtFEylvBA,33,17
UCAmhbG40GSFEJEa-6Yj8zAQ,3,1
UCAr0yk0um7lwLjmrKfzwyig,45,45
UCAsZ8cqlGMeAig2Oud2ETRw,29,1
UCAuUUnT6oDeKwE6v1NGQxug,168,143
UCAynUBIkB7gX10An54eEt4A,30,25
UCB2qTDjzBSouovVXXwYKLlQ,16,8
UCB85mqzwxW1ochHxPbTEsjw,33,3
UCBC4egaXY3_2I6KuQy4FEnw,27,19
UCBEhL1MZrm56pZuzKb5s13w,24,17
UCBGOUQHNNtNGcGzVq5rIXjw,29,17
UCBGxe5vTiVWv7e2gP6QB1Mw,31,30
UCBGzm7haKhfUdBBREbGMfIA,34,22
UCBINFWq52ShSgUFEoynfSwg,32,15
UCBJycsmduvYEL83R_U4JriQ,208,181
UCBKvC2TWrSedladWZtezK8A,30,4
UCBM6AwaDl8uPVAN_BUIqPUw,34,11
UCBM_JsVb_65EWAc66WRtuFw,29,20
UCBN_7mH7JV66YN22wyNY8RQ,130,99
UCBOIxRfSIXDT03e116VTzCw,45,37
UCBQjTfMEcxMlI49KCQAHwYQ,29,28
UCBR6D7Rtvw98KYI0DUisT1w,34,8
UCBSE0woFBOMgMLLmlsRn9tQ,34,17
UCBSc0W_R6djZQXZhKpcdlaA,31,27
UCBVY4zJr4qTXdPlMus1VxqA,61,42
UCBWrBsr6oA9JtVaG6wT5XJg,35,18
UCB_qr75-ydFVKSF9Dmo6izg,27,24
UCBbpLKJLhIbDd_wX4ubU_Cw,3,0
UCBcVQr-07MH-p9e2kRTdB3A,17,14
UCBi2mrWuNuyYy4gbM6fU18Q,125,95
UCBj244LMgn9I1JfPNeLMyew,25,23
UCBkNerkJ8362Pat0Fw7T-uA,36,34
UCBr2W3nb0jPSnommNbbpMAw,28,28
UCBt6XQJC3G40OUjb316ENLg,26,18
UCBvZ2hEzZZaWAIrUHVN6YUw,65,26
UCBwmMxybNva6P_5VmxjzwqA,100,59
UCBzJB1kZcFcn65HknBCfCcA,34,21
UCC0-MHKPdq09Mtg5bGjFY7A,25,13
UCC184ncihJzZze2CmfAQGOQ,37,7
UCC1Mi4fVXKETdFGDlW7rC3w,26,24
UCC2nOsHWoccGP7ZzbuMYV0w,41,35
UCC552Sd-3nyi_tk2BudLUzA,22,22
UCC6gbNO098rkQKCU0ZaLITQ,27,0
UCCB1tNcxtHw7kkCzCUqGteg,34,31
UCCB6sAb8YsTr16-bIxFQUhA,25,10
UCCJsQKOKArvDksacfT2ryQw,33,17
UCCK3OZi788Ok44K97WAhLKQ,41,0
UCCLg0FJsmxdyHf9sHJlnsTA,34,24
UCCMAz1jZ4_IyhthHk23EMJQ,109,75
UCCNFCLWh1AA-qbyOyp8jlZg,30,29
UCCNw1OSmIlqIXrzeLE4e7fw,29,19
UCCODtTcd5M1JavPCOr_Uydg,149,128
UCCOi5b2vqQ0hHQRBZ6yoT3w,31,9
UCCOrp7GPgZA8EGrbOcIAsyQ,63,48
UCCQi3X-PJGmd6DrPN9Rb6iw,21,19
UCCRFU6puznGXVKW3Ad_gKXg,27,13
UCCV5kpsPAE2M0KdrSws5R1g,25,18
UCCVclxslsRWT3LHFu8mQhNA,39,31
UCCXoCcu9Rp7NPbTzIvogpZg,19,18
UCCYg74-k06_SmH69neYxfvA,29,21
UCCZGYab5SpD0I7Z5JqJZgww,57,39
UCCbv0qixG-cyokxEY3kELtg,32,28
UCCcl8RCA9wia6TsKUnc-6sQ,9,8
UCCeCpXN7FaJUFBfhLtQYHdw,26,0
UCCfKlFlKYBxZ-UU2dWc17IQ,27,2
UCCfqyGl3nq_V0bo64CjZh8g,33,30
UCCg7II9RHL8Y-GS9NnFQy8g,55,6
UCCgFcKM61Y6qa4ArTTvVWqg,30,0
UCChJlbkHREctAZqoFyfhDeA,41,0
UCChWvNbRQYQ5fj1Nj3RQu8Q,37,29
UCChmJrVa8kDg05JfCmxpLRw,32,32
UCCj956IF62FbT7Gouszaj9w,363,290
UCCjyq_K1Xwfg8Lndy7lKMpA,13,11
UCCk88z7a-Gs6IEAO3fp-UZQ,35,35
UCCktnahuRFYIBtNnKT5IYyg,66,59
UCClfFsWcT3N2I7VTXXyt84A,69,64
UCCtgqKwqf4akt_gSElDqXdg,64,37
UCCu5wtZ5uOWZp_roz7wHPfg,56,55
UCCv191RGdi3HxhhXcB0PMbQ,33,22
UCCveE6GvM-l73rMlv1sAKIA,31,1
UCCysh95qsIUCPb-61VBag8A,23,5
UCCz4pq2xBQgFAcYqx-ElFuA,4,3
UCCzY4KCWLjVzTZfIY0xZtog,28,9
UCCzmXhARScj7wtJ0f2co64A,36,18
UCD-vc2iGxEcLfWhwyJPqe_w,32,23
UCD2pGFLU2sDnlGIPl8U9eEA,33,18
UCD5B6VoXv41fJ-IW8Wrhz9A,32,28
UCD6YMmVyF50oiwXisgbF-2w,26,1
UCD7e_ETGAyGU61vwnknZM7A,14,13
UCDETFHKteb-C_EaXmRKvP4w,35,28
UCDFaGHrYtg_U72sTTU5XDcg,33,30
UCDK4NDcmqgUlSuYoNac0VzA,26,3
UCDOJLR72Jj-lEviJdwU4G6g,32,21
UCDPk9MG2RexnOMGTD-YnSnA,102,70
UCDQ0pYBbR3rGWnn-BZJ9lXA,81,52
UCDQxJLtUe4ixRPgqTYi6PgQ,35,32
UCDTAy8OylJsSxViF6oRiR8A,22,18
UCDVYQ4Zhbm3S2dlz7P1GBDg,33,26
UCDYaeNvP7JDpKvozANiw5fA,26,16
UCDdBzyuqG1oWoQmf7Ih9isw,7,0
UCDeH8IeKqvzn8x_iZPAuIfA,30,4
UCDfYcuNw-ff952Xn0VDWwDw,26,24
UCDgUAAHgsV2fFZQm2fIWBnA,29,27
UCDiFRMQWpcp8_KD4vwIVicw,26,25
UCDjpp9fOeGLy754KJvRl10w,70,60
UCDka4-WyKGDSS8j2AR18K_Q,32,0
UCDl5YK8CD2fY267VdDHLgfg,94,89
UCDqQA5QPBQBvLy6TSaG-0Sg,23,20
UCDrK0DHakytP0-c43kPit-g,26,26
UCDrQaGaHpOav5y7m1SCSJRg,1,1
UCDtqUmBIjQWbe9rpnyOQ_Gg,7,6
UCE0-Bxu88d4bsGCv34zvtbA,39,22
UCE28rwYoaV7jvU6GVzdu_GQ,57,46
UCE46LtAJ9BpCWOunD_ZwY5Q,38,27
UCE5mQnNl8Q4H2qcv4ikaXeA,26,22
UCE5wDMNEZElnuRDk6TDPOYg,22,14
UCE7spuKzxP1k8A-XucxxUAQ,30,24
UCEABeKNML9Yy3mQIJRPkKrg,11,5
UCEAunr6CnUD3kzCt4wOBYQA,1,0
UCEBb1b_L6zDS3xTUrIALZOw,88,60
UCEEi1lDCkKi1ukmTAgc9-zA,28,7
UCEGC6iQjjJNCLkvLdi12BIg,25,10
UCEGJtJpwHlpUoMlAOlCWdAA,42,35
UCEH0dQo-8q0jQQdPfZYDF3Q,35,23
UCEJdOGwm6CNtc_kIa_Qjy6A,28,20
UCELts_uwGFF5uwaHIFSp41A,30,17
UCENRvVys9nMpQpENGeL8NEg,26,22
UCEOhpXTO8CwrpkBTxOOu4bw,64,29
UCEP0Zgg1BuAExe6x6fPSPqQ,32,32
UCERpfFL1aRqsrJhmKkGAEPA,90,68
UCET00YnetHT7tOpu12v8jxg,28,25
UCEVZNpzM9oDegvplv5Z36Sw,31,27
UCEWhQG9S3mIe0VTYUcqhzgA,34,11
UCEWpbFLzoYGPfuWUMFPSaoA,154,126
UCEYlNI8wno2Xp7YUNdMN22A,32,15
UCE_0zvmu1pMYZAgqyjW6qsQ,31,19
UCE_BYUUN0I04cAmk1c40sTg,36,34
UCEakj6jI7jTklY8uOA4Tpig,64,54
UCEcLMPMI4b-pJpLrfnEvsvQ,58,38
UCEdvpU2pFRCVqU6yIPyTpMQ,35,18
UCEexyzp7gYKyCCt5IDuvF_A,31,3
UCEf_Bc-KVd7onSeifS3py9g,29,13
UCEf_IWYOziiG5XLx-Hl9A_A,32,4
UCEmAtcZ1COU1CE9pp_zX1Fw,4,2
UCEngNaaT3MS0H5EN7p2gXLA,30,6
UCEprB-U8g9k-IvhhxUGezJQ,30,24
UCErX4CQeesrYOs03fufBiHQ,24,13
UCEsXeMANIGwjoFgVcJ16QWA,64,13
UCEszEwlcXDgCxMfqHIpAZxw,29,23
UCEt1Ef_TQfkaEmjRmOWiFog,27,24
UCEtR1hAjm4M2yZxuk8-S8JA,146,113
UCEuOwB9vSL1oPKGNdONB4ig,61,31
UCEuiOszNd6msGgqsD0f9YAQ,15,14
UCEvthnNXQ2x_g1Q_OLtpF-g,30,21
UCEwd_VhwoyMnRAu5O8r0pzA,97,81
UCF-uUxo43IPpnEwnR62WGlA,37,34
UCF0-84qhSDVOq8i2I3jDVcA,37,37
UCF1iS7Bp9_hsQphNF6o8qwQ,17,15
UCF2pLTqtRYkFKv2u5Y5xOWA,28,22
UCF31eojFKhWQJviyMICWO2w,25,21
UCF7pSmWPyyKTXP9DxQ6KDUw,31,20
UCF9IOB2TExg3QIBupFtBDxg,33,31
UCF9OHrRasw-r4JcnBo4E2cg,32,28
UCFAeoB7W1iZe3gRg_0AJDLg,1,1
UCFBOYHkJJC-o8HHXRT9AQMg,34,29
UCFEpFpv82DGownPexhrpkZg,33,29
UCFIWUqnyVjeYUJVBW-1F5bg,31,30
UCFKqZCWb_6m43WZXl4vXQaA,39,16
UCFMkPeE8jiPirJMv9kttuIg,36,31
UCFN6lQpfY8XIRdhv9G-f4bg,29,24
UCFN_dQuFU6tXwVLXppqOwpA,25,14
UCFOK2D31p00E67zZQphDfKg,33,10
UCFPvnkCZbHfBvV8ApBBE0vA,29,23
UCFSJRBoQ2zwjGYLl6gEr3JQ,29,0
UCFSWlEpDBctm2ACzdU96YDg,29,19
UCFVM_zMWzOCMaQii3fCnCKA,33,22
UCF_ZRSDSX4DqY2GooDwX_AA,31,16
UCF_fDSgPpBQuh1MsUTgIARQ,113,74
UCFaSR7gUU39qJe-eDSiGY0A,26,22
UCFagkCTe3d4kFzLSBliNkXg,27,25
UCFdmd1JSZVHF2nCpudLfQDA,21,0
UCFhXFikryT4aFcLkLw2LBLA,96,82
UCFklhCzrv2UIVOsAEVaWzFg,32,4
UCFks_UAxc9zdWHAE75eWDDA,29,20
UCFmofUYwZd1Ibf_O3PF71jg,7,7
UCFtEEv80fQVKkD4h1PF-Xqw,2,1
UCFuIUoyHB12qpYa8Jpxoxow,38,2
UCFuq6XXJroQgEni1tvckmXg,15,10
UCFwS8sLuE4Du7VA_DDnhmeg,31,2
UCG10CJ-y-08b0DPQ1YQ345Q,63,48
UCG24bc5PU4ujXFlRe5gbRMA,33,9
UCG8Ek6j9-NW15qrCgJZdErA,34,33
UCGA2OgjW608QEaGwxA7aRTg,31,25
UCGBD7uXRwp_lb2Mpu2XupBQ,3,3
UCGBO6EahCqQSyXIws1MQdDg,16,15
UCGBpxWJr9FNOcFYA5GkKrMg,31,24
UCGBzBkV-MinlBvHBzZawfLQ,71,46
UCGDWEcTlImuSDo0_1P59rKQ,37,32
UCGJdzJQ3R1BpahSvcFq23HA,31,14
UCGNFqULihCOrP3-hOQ-rNEw,33,9
UCGPGirOab9EGy7VH4IwmWVQ,77,74
UCGQdOvu5tCRBTYA2niM69qg,35,26
UCGSPErEtUzPI4XIbU3fifiQ,59,44
UCGS_UGeS2t2HVqYx7r-L28w,7,2
UCGUH78bfJtJo6mqkSsWojgg,5,4
UCGY4QLnE_jyO1mao6oZXlxw,26,7
UCG_eo_4LsisqsSSkQMHGJGw,26,17
UCGaOvAFinZ7BCN_FDmw74fQ,54,32
UCGaVdbSav8xWuFWTadK6loA,28,28
UCGaotBFKgoaZamPb4sbEIYg,26,16
UCGfclwcB8i13_4tp_FJjqbQ,22,20
UCGfgKimGJ4yueKEtFVPpHtw,27,22
UCGgf_k1y-_d-4Eh922iCCJg,28,9
UCGm22n-02oom5R_1lITZyAw,36,26
UCGmcfA0BCjwIDVg3UvpxkxQ,15,8
UCGnjeahCJW1AF34HBmQTJ-Q,72,14
UCGomVNOsPDcNY8rhCbOV4lQ,26,2
UCGq-a57w-aPwyi3pW7XLiHw,23,21
UCGs1JjiRBEKMlVD4eUxJ2ww,33,27
UCGsIaIdB3eLErFObXcQRUqA,16,16
UCGsOxD9JEXYX20-mLWulREQ,7,4
UCGsYQnsvuTpWt8_mq-woDRw,39,27
UCGt7X90Au6BV8rf49BiM6Dg,33,24
UCGttrUON87gWfU6dMWm1fcA,27,18
UCGvbidYOdD8rH0LJlVmZb5g,26,5
UCGwu0nbY2wSkW8N-cghnLpA,56,47
UCGx_EAnpzRvVTwUUafJTN8A,34,24
UCGy7SkBjcIAgTiwkXEtPnYg,65,46
UCH-g5AQbCdDMtEmBtGXLXNQ,23,16
UCH0UL4tOI94XLOfK3gK82LA,6,2
UCH11eQQ-QyfppeMsQJU6fMg,35,27
UCH1oRy1dINbMVp3UFWrKP0w,6,5
UCH2-gDpyBkROtJV89J6o0tA,32,21
UCH4BNI0-FOK2dMXoFtViWHw,103,89
UCHB6BajpRntetI0g1g2jCiw,7,6
UCHCThmyZ-2yWkv0UVeBDdnQ,4,4
UCHCph-_jLba_9atyCZJPLQQ,32,24
UCHE7rAi1Fw1CBmQXFtvJmrw,30,19
UCHHfOQ4CA8JrtxpVk4-foDg,3,2
UCHOf-N-yRIHvcZpAcKnNIEQ,11,8
UCHPHV1vMBvc-hce4Z5xP88A,25,11
UCHPHVCq_Giziio_y8QEcHyA,1,1
UCHRx3w9GE3r-iqpvIKsTgeQ,36,30
UCHRxG4X0k8nH5tv4Vy2Jf1Q,35,26
UCHSOqo1eYLPaoY82fMs7_Rw,32,21
UCHUE4ypXKp7ZkmdWbGJNgJg,32,31
UCHXa4OpASJEwrHrLeIzw7Yg,65,50
UCHZfx2vngpEZuhybUux5K3A,29,9
UCH_9z5v40C6X9oF3sWzL6BA,34,28
UCH_eu1lvvxpgoFc2lVruhkQ,66,53
UCHaHD477h-FeBbVh9Sh7syA,59,46
UCHaoDjLMZLiH-tYB2jMMw8g,32,27
UCHiwMnZqF-6XkQAb2sOjaYQ,17,13
UCHkJ2mA6ES6bCl2JylZfEhg,29,3
UCHmPyPt4AkrU1es6kxk0OMA,26,23
UCHnyfMqiRRG1u-2MsSQLbXA,181,168
UCHpGOTBGfltnrLqxfJn6zog,63,55
UCHpw8xwDNhU9gdohEcJu4aA,11,9
UCHqjrJE84tmpT5VQS_CRJZw,7,2
UCHtrI4TzNgpka8t6WGfgbhQ,10,0
UCHy-NJupAkIDoOKFNRwlhjg,42,39
UCHzcS9Hm5dieyRWDMY-earw,35,32
UCI-Ho-GaKYbtMzXJWmWAsrg,27,17
UCI1aMrmoZtWyzSfvMewGwbw,14,12
UCI3H1FsjbdqGcLq93ZilV5g,56,42
UCIALMKvObZNtJ6AmdCLP7Lg,4,4
UCIDBp59M3O_n6tNnwUt9gyA,28,9
UCIEv3lZ_tNXHzL3ox-_uUGQ,26,21
UCIHdDJ0tjn_3j-FS7s_X1kQ,29,27
UCIIh7tXfL8z1QYGulViWEqA,1,1
UCIJ0lLcABPdYGp7pRMGccAQ,25,1
UCIJ7ElhHMlz9lKh8_-dh4rA,34,30
UCIJwWYOfsCfz6PjxbONYXSg,63,48
UCIKf6APAtIjhDOtJG4anPhg,21,15
UCIMasKY5YlgzcOmxVW4loaw,261,184
UCINvptL0z9VpYScsNIoup8A,38,22
UCIRYBXDze5krPDzAEOxFGVA,31,22
UCIWAwKP3_KcWned5aLqZHtw,67,52
UCIWPeSl1aL72F1NCuS4ePTQ,4,3
UCIWRaf6SYL0HLv6E5pdWv_g,35,26
UCIWZ1_W5BqsvW9fm1cYFPpQ,37,14
UCIan0GcAkqLmyl8qPbVpibg,27,2
UCIdMuFFD42OKezEDsxzYqcA,19,9
UCIqWFhsJm2VU1ZuGrZnx3Pw,50,33
UCIr4vkCsn0tdTW2xZ1jRG1g,30,27
UCIrgJInjLS2BhlHOMDW7v0g,30,26
UCItXVkLkMv3RbJesDZW0uYA,28,18
UCItvAkABoa1J19zujDySvXw,49,29
UCIvOUTuA_JHMv6M_wPQNxUA,15,10
UCIxLxlan8q9WA7sjuq6LdTQ,34,30
UCIxmWUbe4OZuMDJKIHKwwKg,29,25
UCIxqQLeV6GojXty2w-VTKWQ,33,28
UCJ-cqYmyR0-rIb0lariMs0g,69,52
UCJ0-OtVpF0wOKEqT2Z1HEtA,27,22
UCJ35n3ueAN0cWvQqKptu-Zg,3,3
UCJ9905MRHxwLZ2jeNQGIWxA,2,1
UCJAlfy5KCZRC2nkXUg2v1BA,29,1
UCJE19PFX3WnSfv1ikk8USnQ,33,24
UCJEDFSxHHOW1PpBccdSxOTA,7,5
UCJIOFQLGwB3GH9K9waxwynQ,35,21
UCJIfeSCssxSC_Dhc5s7woww,25,22
UCJLLiIBagfrXxfcxcRPg24Q,33,27
UCJLMboBYME_CLEfwsduI0wQ,31,27
UCJPpE22GR3Tt8TJQmFtQjwQ,35,29
UCJQJ4GjTiq5lmn8czf8oo0Q,25,22
UCJS9pqu9BzkAMNTmzNMNhvg,113,96
UCJX8Wn6opMsBng3QWh0dK6g,29,23
UCJXCxy_RyC0GeRhs-2f7J4A,31,18
UCJYJgj7rzsn0vdR7fkgjuIA,32,31
UCJdxm_w7Yqu-IYOCPfxEgiw,28,19
UCJgDzk8RDB_gSsn0ZGxLODA,146,83
UCJgOIRUdsXtrC-1-vgwmy0A,15,10
UCJhjE7wbdYAae1G25m0tHAA,33,21
UCJi-1q-Z7Lf8QKCoprR2K2g,35,7
UCJjAIBWeY022ZNj_Cp_6wAw,4,3
UCJm2TgUqtK1_NLBrjNQ1P-w,26,25
UCJm7iNPKhW7JzAP9PqMc_qQ,32,0
UCJnGGTaVKui3OAST9yyXxOg,30,25
UCJnS2EsPfv46u1JR8cnD0NA,34,28
UCJs8b2zNCCnowE051wnCqIw,38,30
UCJsUvAqDzczYv2UpFmu4PcA,62,51
UCJswRv22oiUgmT1FuFeUekw,64,48
UCJublDh2UsiIKsAE1553miw,23,21
UCJvBXBYPWE1aIlrM0r1Ilhw,69,58
UCJwKCyEIFHwUOPQQ-4kC1Zw,19,17
UCJxAxCEFg4wRnZYZNL7_1uQ,21,16
UCK-0srt5hdY5m6Zos_NlJZg,33,30
UCK-6FjMu9OI8i0Fo6bkW0VA,60,56
UCK-HHyVCfKYzhxVOJgBt73w,104,89
UCK0igYivkzd0isz7oDPqVlw,7,6
UCK3emrAY8KxtR1EffQxCWbw,29,9
UCK4_MNKAJ_9K5Bsi-3-S8VA,35,22
UCK4iZRo3rgsG4OuBycWqy1Q,3,0
UCK4zwu2xhfZlMj29323xisg,27,22
UCK5TFZ9yB5aAEuAjbv1i_GA,34,21
UCK5dwWFmB8zqyhDfNgM5eXw,32,21
UCK70H_67YRgeA513ZHA2TIg,240,153
UCK7tptUDHh-RYDsdxO1-5QQ,33,28
UCKAh1Uk07JcGld5QGXbsnHg,25,17
UCKBpKeRhhCQOQwbPz4aYZWg,34,28
UCKEhjc8fonQQ0mZWw3LO9SQ,22,4
UCKFjNynYRgDfnSIXzELPqTA,31,24
UCKHaKEGaQeoG7MwUuF1BP9Q,2,1
UCKKf2Tvw0Xqz6RfzTI2dTpQ,35,23
UCKQECjul8nw1KW_JzfBTP1A,10,10
UCKQKIY2YlI4L5QVg7hhfjrQ,32,11
UCKRGpJoQmyzM1VvAPdBkefQ,33,24
UCKUtLtLprzPOdd83lSNfQpw,3,2
UCKWaEZ-_VweaEx1j62do_vQ,119,103
UCKX8qlNu2v4m0bCkhd7jicA,28,24
UCKZbgzsJ_XsgGevLAKI1DwA,30,20
UCKZo4N0lVPccBkSiuyVh4yg,32,31
UCKcukj-n3-kUJ5u59L-bwgg,4,1
UCKfak8fBm_Lhy4eX9UKxEpA,32,29
UCKifE11pFr_y43x0mwTJPxg,8,5
UCKjxLqQ4kludVPBo3qp-zkA,13,11
UCKmmERguliWTynG9OIoDhDw,76,68
UCKqZLmcDAWqDyyXUfYNNpVQ,33,1
UCKrwS0ZZNYdTJaP5pj7kZcw,26,16
UCKsP3v2JeT2hWI_HzkxWiMA,35,31
UCKuSDqgt_rrBwvtc7CxSTeQ,40,29
UCKvKjZ3l9azWz4F49q2R3tQ,71,45
UCKx71st3-lSiQFX91CEWTAQ,32,5
UCKxAfFTFQFYJrwdCl4PlGpg,31,23
UCKyFqIO2OXPEHKopzWsbUpg,62,39
UCL5bAcVfbxSAs-UM5f5ncWg,65,62
UCL5eiGK1f0A-DecaBqq5emg,27,24
UCLBdKZf1_rsO2euKzGNIOmw,37,29
UCLEJtcaMQePVD5N8VD8JsfA,27,0
UCLEQMN2aaUD9VfBVPxG0IOg,23,0
UCLFDkgBwHbF0K1lDYylMNLA,31,25
UCLH7qUqM0PLieCVaHA7RegA,19,17
UCLIPBZ6XQ4ldx5cDWNsAvkA,23,19
UCLRGBPzHDwQp2807cEfY-8g,40,31
UCLScOxXQZt2GQN5a7-vCDlw,32,13
UCLXo7UDZvByw2ixzpQCufnA,93,81
UCL_f53ZEJxp8TtlOkHwMV9Q,32,28
UCLbidg2ZT49dWrxDkwNKr0g,36,33
UCLdP3jmBYe9lAZQbY6OSYjw,27,25
UCLjFj03yrdSd2X4Uqo7KXSw,47,37
UCLjwRB4r2aZOAo-ftaWvP5A,24,16
UCLo2De1CJ5SThUJWNXRYafA,15,10
UCLrpwrZvK9Y1wiMzmM8-fyQ,36,27
UCLtKBD5l-TqKoo7ThfmN7Wg,64,0
UCLuBF4Xr1-BIpcpFFm7zp7w,67,15
UCLue5AhDOIpePYzlc3rOVVQ,35,24
UCLxAS02eWvfZK4icRNzWD_g,63,30
UCLxpvEHi22zim8PqIwPmUog,26,21
UCLz7LG4YVi7_iyk4yOARcxA,44,38
UCM4-RGiG2y5KLqXooyeQZbQ,27,0
UCM4mUayOV-yfqPNzePbHKsw,62,48
UCMAwcc6Jw0T1WCAoGMVC58w,30,24
UCMCYod7q4bZE6LSb6ih-03g,22,5
UCMFSTAyvpl_yBXmq6JPfhBQ,35,31
UCMHQoiq6PnPWb_gGD6eAQEg,40,27
UCMIige08YvBqwzDP3A21-bQ,28,18
UCML61jCX0-7o72iwHOL6RRg,23,15
UCMLtBahI5DMrt0NPvDSoIRQ,31,29
UCMRq9ADyETX-Touo4Srph5g,24,22
UCMSIDB9jvhqBKby2qk6E4VA,153,89
UCMSYZVlQmyG8_2MkIKzg0kw,75,65
UCMSsLqxqvZsNXi0Z-VjN89A,107,98
UCMV3aTOwUtG5vwfH9_rzb2w,32,27
UCMXzc5fADodNEdkSbHXZlpg,33,28
UCMY7ZvLB6-DnuSis_2s37_A,4,1
UCMZKdoqSDUebdreRb3X7lQg,21,16
UCMaxiD_ESHEN0UTWUP9Ctcw,35,15
UCMbZ2K7h0_tbe5j_yuVTutQ,36,18
UCMdClt8h3DnVbvhQvnUJTGQ,34,0
UCMgOduu7dMS9Jf1iqWZkdcw,26,2
UCMhDk2qIKoE7bVht4GeQ8Lg,21,16
UCMiJRAwDNSNzuYeN2uWa0pA,343,285
UCMljRGC0eBJrxbUorWEnasg,29,28
UCMmaBzfCCwZ2KqaBJjkj0fw,30,25
UCMrpRnyBJhgVBy3rm0K4P5w,24,24
UCMyOj6fhvKFMjxUCp3b_3gA,32,23
UCMyvAwiQAJtEDejYJMEz05g,65,12
UCN3-BVMnr44LIUheSuppw1A,26,12
UCN5qpJ_OZl53SfMbVPjA6sg,16,8
UCN6sm8iHiPd0cnoUardDAnw,37,3
UCN9ODImqfJNCdSR5xn0y5FQ,32,11
UCN9v4QG3AQEP3zuRvVs2dAg,87,74
UCNAf1k0yIjyGu3k9BwAg3lg,30,23
UCNGQAOewHhn7YDWNRe4HZ4w,34,1
UCNI0qOojpkhsUtaQ4_2NUhQ,27,23
UCNRW1846nhED2nBdOSAKteA,33,31
UCNT2e7Og56vm5_V-yJWvglA,569,425
UCNUFterLJ9vpFZZ0try7sLA,16,2
UCNU_lfiiWBdtULKOw6X0Dig,90,73
UCNXvxXpDJXp-mZu3pFMzYHQ,36,35
UCNYNFzgjIpJivarmlU64zag,35,0
UCNYi_zGmR519r5gYdOKLTjQ,28,4
UCNZR5xt-HQ61DhBX6r6rXAw,35,11
UCNjfNLnQYbjBEvnS8KFuyGQ,1,0
UCNkV2_eCEfIAlsbyZk5A_Cw,34,16
UCNqFDjYTexJDET3rPDrmJKg,182,101
UCNttUtm9vloDjo-a2jqkoNQ,52,36
UCNuU4q4XLKyqAHQ3-zwHIkw,19,17
UCNvzD7Z-g64bPXxGzaQaa4g,66,55
UCNxbq2vWbmXQeyZPGYTnT6Q,21,15
UCNxneBe-udYnjmbDH9ci3pg,41,39
UCNye-wNBqNL5ZzHSJj3l8Bg,59,54
UCNzul4dnciIlDg8BAcn5-cQ,61,32
UCO-s9MFWm8ghwrcYIMAjDSw,54,36
UCO0akufu9MOzyz3nvGIXAAw,75,65
UCO1DThVnaSypdruQ643LOPQ,26,17
UCO2x-p9gg9TLKneXlibGR7w,35,31
UCO4yGJQP1HwMgBvV7riQnlA,32,13
UCO7V9rAiuAwh1NpEKDb81ew,59,51
UCO7ZQFQwhKsxj7WRqDHYfmw,30,16
UCO7iqpYcqmeRz0my_who9kQ,31,13
UCO7kefTlpAAHoRYh-ZKtfSw,63,28
UCO9LAygES40mbxPFvwkaOMg,28,16
UCOFnyQHIQJcEfd7HzqLy6eQ,7,6
UCOLh1HRogA04qOUZRF9g_wQ,50,37
UCOMxE9nQ50SOIZs_TcKek4A,28,27
UCOOIAv87GGLWNn6Zl_Rettg,96,76
UCOOlawtxwYTq1MZ0Umoy6fA,25,20
UCOT2iLov0V7Re7ku_3UBtcQ,37,34
UCOVhkH1fRrx6vP8HgVT1P5g,12,5
UCOYBaRNdosHLQvIZc1DNHDg,28,21
UCOajpsI8t3Eg-u-s2j_c-cQ,29,27
UCObb67dO5Qlzt28WfP-IQwQ,30,2
UCObs0kLIrDjX2LLSybqNaEA,27,24
UCObsREXyFhKMS2oZikEoVnw,26,23
UCOdGcWvT_3UHSd0oUQnau4g,2,2
UCOf6yoHjR-ERxZZpfjWvpvA,62,10
UCOh01Sv2bdi_hjci9tOH7Mg,30,5
UCOhtMAg7xh8wv_wUHMgFc-Q,29,12
UCOj9WICwHqV_smQj-ucj1AA,32,15
UCOk2CgtW_euf-9w34fnYQnA,31,26
UCOsATJw-IZgqGT8MFrHjKGg,30,26
UCOuP7ygJSo3qEV8VoUITbhA,34,30
UCOvOXLATfCrOJmAYaO4mRBA,76,24
UCOvtqjHNCBjDoOFtBPz0GFg,7,6
UCP0_k4INXrwPS6HhIyYqsTg,34,28
UCP15FVAA2UL-QOcGhy7-ezA,34,1
UCP1iRaFlS5EYjJBryFV9JPw,35,31
UCP1pFvd3OF_MVCddBcH8Uww,28,17
UCP5tjEmvPItGyLhmjdwP7Ww,59,54
UCP6HGa63sBC7-KHtkme-p-g,36,13
UCP83iCyLq0Q5VdaQKp0r7kg,6,5
UCPCoaKCeqmWhCwCH5Ht7dQg,16,13
UCPDis9pjXuqyI7RYLJ-TTSA,91,70
UCPH3Oz99Y_jrVBCQMjQZNSg,32,0
UCPHEZwHCdwWohY7axruy4gA,31,6
UCPIvT-zcQl2H0vabdXJGcpg,362,204
UCPLfrdK84czJXYf6QA7OW9A,39,19
UCPREnbhKQP-hsVfsfKP-mCw,31,2
UCPT5Q93YbgJ_7du1gV7UHQQ,30,8
UCPc9yOXlAFXcLILa104ZEKA,54,38
UCPg8tOgxZRzzcxpVuC0HtrA,57,37
UCPgNUJA2GO2uEKx60hKRcOw,32,23
UCPhADRTIwDxB0vVSU33CijA,39,35
UCPiretti8qKVskv5a_T9vtA,35,21
UCPk2s5c4R_d-EUUNvFFODoA,276,215
UCPk5EdfTqVkEzDQ89FeuOgA,18,17
UCPn2IaB314fm991Z4tZudJQ,1,1
UCPotnGNahFjLWjfsq4KYvuQ,264,161
UCPrbh_9pghzmzkI1wJJRv7Q,4,4
UCPuI6BuxfLHN5si8lFroQPQ,39,23
UCPwAIwQQXw-YqEvhmcNh6BA,32,30
UCPxKnXgokkBNCFaSkdy44FQ,6,5
UCPy-vsBDyrEu3I3DJRUuvyg,57,38
UCPyd4M9Zj3YJ2IZKkVtHATw,34,22
UCQ137sJ-dtlU-r5EDgMEPzg,32,17
UCQ1O4XEUMO3_dYEYRvGQPDg,24,7
UCQ2sdgDhkSrVLYwfTUVw7OQ,3,2
UCQ5DkUL8c_vbflfQ8LRsCIg,25,19
UCQ8lmvvnyY2VeYebKOR8xLg,24,18
UCQBJsCjbtlyTZos8U1wqzgw,4,3
UCQD-0MjUbDBwm2UTVYr0Dag,24,24
UCQFYC_kwJ_FSs5UvZryzDFQ,28,9
UCQG3G4I7saIZIKxwYp1tqTw,62,41
UCQGCVWoMtVmYt9rDsOFFSHw,7,5
UCQINXHZqCU5i06HzxRkujfg,31,17
UCQJOYS9v30qM74f6gZDk0TA,28,18
UCQJoT6HfpDIc_A75RLWHGuw,12,12
UCQLJFXhxbl5SMfcGZSnURhQ,27,24
UCQNqdaEMfiiNxTiqoyk1dtA,18,10
UCQOidFKQBMvLXk7PxGBXWyA,24,16
UCQVwn0HNVFhg52-8ln0WJSw,34,23
UCQW2mxSiyhvpiGDHBCgpTJA,5,5
UCQWnytHKeJEHXh85rC6tW2A,34,23
UCQWrlWwNsMvvurG5HXXWLFw,31,23
UCQWsAbnIFxAP-jQQfM_oYBQ,28,24
UCQXHTFnQYFTqN0MqmNh9EIA,49,43
UCQY4My_4PY17PWsN89hZHLw,41,27
UCQaSOYxjm4rzOvWj3hO3RIw,60,48
UCQfEbxZRyIuNZ6WpxsC0FKQ,4,3
UCQi67q4kGdmnJaRzX81uK5g,40,19
UCQjTRnvho8S9ddlEvgQy_kQ,34,7
UCQtW2oz8ec8pHjjxawujNjg,64,37
UCQvZD_M4nzOSyrPx0LfgOmQ,28,0
UCQxTL5uhg3jYRakna8CvJ5g,5,5
UCQxbkY1l9orvoMLv04pCOcQ,54,45
UCR-C3qlUdtgYFgPF8rM7Fig,27,6
UCR1Jltq7vMzGQVtRd-DR5AA,27,15
UCR1RfXOHsYfx5hVYtt8RIXw,45,44
UCR3j6-3GD6aGV-LeUMRBc6g,29,0
UCR3uO1rDJsGLbSUtfUyuCKw,35,9
UCR8NsuqnMSWNQoKihSCdUcQ,26,5
UCR8j9H0ZiLbww8_U2iDKISQ,12,7
UCR9NuNwCUIhMOLUQnLN7_WA,38,27
UCRHBpvcASQs852H0t4mt1zA,27,21
UCRKOv7wEWoEaQhsT0adfyQg,26,22
UCRQMZQ0R561looJMoxPmRoQ,27,19
UCRRr_xrOm66qaigIbwFLvbQ,32,30
UCRVsqvXIdgyPVS-a6fGa1lA,18,16
UCRVtlcqayOmyuLIDrT3ng1w,34,25
UCRdfhTdKpGtJg-QIuAIND8g,23,18
UCReBxgLlq_Bim6hRmKn-gxA,28,21
UCRgQkscIizzXbStAeuMWLSA,25,21
UCRgn-SAQZa4I41zLH03LoOQ,13,11
UCRijo3ddMTht_IHyNSNXpNQ,226,170
UCRlICXvO4XR4HMeEB9JjDlA,36,34
UCRp02OXHKJchXN0ph85MQWA,31,0
UCRpNVpZoW56rOsV-6wFK3lg,28,21
UCRrlRjsRafOBheGLX02dJtw,32,19
UCRvPS-dk5CHwUb090JJPQQQ,14,12
UCS1--ycUQWjD8X6ohewmqBA,35,24
UCS1VnI5YDRsVXUAqVaS_O3A,13,3
UCS261lQDXjMvc8Jck-2CQEg,26,6
UCS4jPUCax8d3f-uke--YXXQ,66,45
UCS56r87Y7q1SrAB-42brE-w,127,24
UCSFDaRqTfAhOLhtvFPrAltg,30,0
UCSNX50LYGXWV_e5UWZGPGbw,18,14
UCSO2Hp9UYEEVjIQMD-X6-vA,24,17
UCSOfUqPoqpp5aWDDnAyv94g,36,22
UCSQ0byICE78DEDa42Ls5cmA,30,25
UCSUwTmHIP_rlCTZeQW2oiEg,31,1
UCSX0NhNdBA-ZnEFkYFzdw4A,29,26
UCSX5Gk1UvlYWYyjeVZFnp-w,4,2
UCSbgR_d3CJkhvulX2kgt_YQ,30,18
UCSe_yLDK6KSBm5cTlZ2XdLA,40,26
UCSf-NCzjwcnXErUBW_qeFvA,27,21
UCSf0s2ogUVYpJPuzW1zpAOg,55,15
UCSfX2TUPfxMpE2D2K1-ZZlw,19,2
UCSfwM5u0Kce6Cce8_S72olg,30,0
UCSh8pITCV05dOdF8MLTLpQg,35,14
UCSiBSzeyA4vlNzhOO6K7XSg,35,23
UCSiJnHenG76bZLxLatGoMzw,33,25
UCSillZr7X-5u-j_-ps_ijqA,29,21
UCSlEdyj6I4TX8mcGwL8rVlw,26,11
UCSmducBRRUqk-wAZthstM0A,67,55
UCSqqWfEwyODjgFmraGhrYjw,26,14
UCSrwhbt5DQZgTRnlPZ7EwXw,78,31
UCSvkZ_Hw1leaP7gzVZ05NCQ,15,14
UCSwsyQ0LO0GoaoMpfQ1Jrow,25,13
UCSxfEEEi6IAvnPrFeiqIlcA,39,32
UCT-VzthVAM_4ohDdKa-BbXA,26,23
UCT09qC2vwlbJvofZRIdLalg,27,25
UCT6Y5JJPKe_JDMivpKgVXew,27,26
UCT9lB1HNkTa41ws-G2tGwXw,27,22
UCTD4oc298b3EvUNzmQVr6oA,35,23
UCTDJ9osmaIty0MVkUZymVmQ,34,29
UCTImEHaYGwXVlg2QaEVZ76g,33,18
UCTIuq_z-X16CwAtAiEYrkTQ,48,17
UCTMRxtyHoE3LPcrl-kT4AQQ,4,1
UCTOoRgpHTjAQPk6Ak70u-pA,13,12
UCTQ3lexv90TMg-H2DiY_SCQ,15,9
UCTQVIXvcHrR9jYoJ6qaBAow,26,9
UCTTQ9EBEG9LwQdgRKq_vBMw,29,10
UCTTfeKDGCqxot-KfjHptP_Q,37,32
UCTZmwwn0Wd5YsAxw0NZzyJA,35,13
UCTbKSzEamYTYYY_c2yH1fEA,45,16
UCTdMhilGQIL_Cava5S5GriA,24,22
UCTn59lPgFtcfdlajcGPmosw,32,0
UCTpmmkp1E4nmZqWPS-dl5bg,66,57
UCTrAO0TDCldnYUN3BkLmGcw,384,323
UCTu7N4-YzpGIN6Ftsb0QeGA,41,31
UCTyC11PsbR-CMXSG9M1na1g,25,14
UCU-v9qUrjMN5jsa5wO2CBIg,30,24
UCU0k21RR-k7Zxil6KMs5nsw,33,27
UCU0zC0L4o0qOos83NLhK5ug,56,38
UCU5AbNuMPGB491GcqXuzwKw,30,24
UCU5JicSrEM5A63jkJ2QvGYw,35,0
UCU5eV0c0SE0TMXrV8P94jAQ,100,72
UCU69ROL7juUiTZVs5PsN55Q,91,66
UCU6NYyAUa60rTABMxBhOVig,31,1
UCU9pX8hKcrx06XfOB-VQLdw,23,13
UCUBIrDsIVzRpKsClMlSlTpQ,27,0
UCUBSTJf4MSrnohk1Ghc4Pcg,26,17
UCUFJO5h2NuvCykRJUIkd7oA,29,18
UCUHW94eEFW7hkUMVaZz4eDg,65,60
UCUKxvWVo8lmRXkbTOkqUhGg,31,20
UCUL5z6KvrvcUrH7YVW60l4w,32,13
UCUNkaUjhRArzU4Tm_TPSDlg,31,1
UCUQw5JQgxAXcX1SvixOIH0w,30,8
UCUTOwFZ5grVnUMvvleA_JMg,25,12
UCUVa51UA_690sEKyRbHb-5A,31,15
UCUVmgle4npABEDrp0M3W5Ig,33,19
UCUaT_39o1x6qWjz7K2pWcgw,71,23
UCUeqBmTJuzo6Tod5qr_Kt5w,33,10
UCUhFaUpnq31m6TNX2VKVSVA,30,25
UCUmC7gXciukRv73CQRQ5QGQ,33,15
UCUmGg8gWrksbMAE_jr5tbjA,14,1
UCUmV8nJBzRDj0a7G0EQdDSA,35,34
UCUrkOmXvcHOX4A1ratGe5Wg,21,19
UCUs8sGiP4avNaYNVO22INhQ,32,22
UCUtgTKF1KW8JeN6-kFOSwmA,23,21
UCUvvj5lwue7PspotMDjk5UA,56,51
UCUyGEgRT5nv7BawQc-_jOSw,37,6
UCUyrh2YiYgrZKbU3JILXKyA,29,19
UCUzqqqpY_kYzcc4rAHTt1iw,91,67
UCV-yCAXMS-nWrHtORuDfSuQ,28,25
UCV4c4hulnbuVPm-mjd3AFjg,36,3
UCV98XLgRrqS7ZvoWjmBb1Ig,37,13
UCVAYy7_zddIx6USjXscV9Vg,33,20
UCVH50QVYHQ1W373tNpOqKrw,11,8
UCVHxJghKAB_kA_5LMM8MD3w,32,32
UCVLbzhxVTiTLiVKeGV7WEBg,2,1
UCVORTRHbXA45EHTCK8i5joA,34,6
UCVQJZE_on7It_pEv6tn-jdA,290,248
UCVS0xBpOtXBAl12rdG67-OQ,28,24
UCVTQunGrE3p7Oq8Owao5y_Q,24,23
UCVUgjaDIy2i2LP4Dw0fCYJw,25,22
UCVWf4JNrMuKz3Ugjb4dP7TQ,76,67
UCVaQwUU0NLkBeO6m7_j2U2Q,29,16
UCVbBtdw-_SCqGDs6-_awaDg,35,26
UCVfwlh9XpX2Y_tQfjeln9QA,72,60
UCVjWIUtdNizm-0eFyzhAj0g,60,17
UCVpWDEFirsEfz2WGJMVd4mA,56,49
UCVqcIL9ver6C68f_q6t4kMg,36,35
UCVrEHNmwOcTM85daIG6PSVg,27,24
UCVujWH99XzUbQ_re6leOdPQ,28,20
UCVuuI7QB8ViizzVAH3L_H7Q,44,35
UCVxR8M2OeHf4BdKzzzpz83A,24,10
UCVxczb2wUx9sVWXT2OHAN6A,16,13
UCW0xEGHTgwZVhXGLVcDoEOA,28,24
UCW2VhxXe5jfPShIE8vz4Qwg,12,3
UCW39zufHfsuGgpLviKh297Q,47,39
UCW3otcZucyNZvzmFWd0VbtA,32,28
UCW4kB4e8hD1n9AxEEHaI0rw,24,0
UCW5677agcbt6lqj5RZnZLtw,29,19
UCW5BaXolL-jh1wAmZC78leQ,37,31
UCW9CXYyHdzI0w8icz4gHi3g,29,25
UCWBWgCD4oAqT3hUeq40SCUw,486,387
UCWEK3RhJB-BkdMZ9fiROVAQ,24,18
UCWEPVo6y9qm3AtG7E5fGfkQ,30,7
UCWGsC1q1o7iZ-4-fLGHop0A,32,21
UCWI-ohtRu8eEeDj93hmUsUQ,124,101
UCWI1AJmkMm_sbTX_Ps8gQAw,159,107
UCWIgJLwHx4jNOtpHQD8OiBg,18,17
UCWOA1ZGywLbqmigxE4Qlvuw,59,49
UCWQDQW0N86BCduhPtXUFXdQ,29,25
UCWQrSQ0wJ3oZshXsZcl_Srg,56,37
UCWS-W2jeV5Sua4sLCB7S2mA,30,20
UCWYs4KqAdayj6oTAYVKDplg,31,25
UCW_V77YU0leiI2LaCB2DCUw,30,26
UCW_X3-IRNdOl9vrZ-zGthlQ,27,13
UCWaOde99oeUVoXbIj3SNu9g,63,16
UCWasbqA48hH_MVnxnloiwEQ,23,4
UCWf64R6hBTDiMBQVpMB_qvg,26,18
UCWgaeTtHCcp-vl7Dc4f1NwQ,29,24
UCWk_6kgfcNwWbVUdq34QMSg,32,18
UCWo4IA01TXzBeGJJKWHOG9g,4,4
UCWv7vMbMWH4-V0ZXdmDpPBA,176,144
UCX1Hh7CvEc3RCUd4NRBWJMw,28,24
UCX5qMbq8Y9h9TOdFhKUhkrw,97,71
UCX6OQ3DkcsbYNE6H8uQQuVA,28,10
UCX6b17PVsYBQ0ip5gyeme-Q,631,507
UCXAQAJ2DNbuk0_XVG4X8b-g,33,5
UCXDPZNH-eEXtrxr5Ert1LWQ,31,7
UCXIJgqnII2ZOINSWNOGFThA,108,92
UCXIKbPYyn91yEIRnsPvt51A,34,31
UCXJH_apV_2TjktPkGwkg0Ww,24,6
UCXJniNhLPJSeYXAfUzexHSA,140,111
UCXOSzGyN3EPZfKE2hujeIYA,30,17
UCXPnZDZY9puB0kIrX7hGXIQ,27,2
UCXUH2dmTnXMSxmJfp4-LT8A,28,5
UCXUJJNoP1QupwsYIWFXmsZg,31,14
UCXVWREy73z87S9LMBnex2gA,15,1
UCXWjM0L5apQKHu8-YQoihvA,31,14
UCXXvOMN_74Jad119ybNce8g,73,42
UCXZTnzvoL4X3saPYsfLwxuA,83,72
UCXbQFmkRRipuQ902JBq1ckg,6,4
UCXdtwY5TaRQX9qzTwBmzAQg,34,19
UCXg4rJUbDP1IP3TmZ9KDpJg,21,13
UCXgoURISTjifYA7CG55xpkA,91,67
UCXgv6qemwooHi71a7-htxAw,29,1
UCXqlds5f7B2OOs9vQuevl4A,118,74
UCXslS997yoJ1w9ZZTCh0Img,36,33
UCXtCobcQRbIk-_sPSJUXzmQ,26,11
UCXu3Qcw018ZNU0qJ3hVn9mQ,31,29
UCXw1ddyrUmib3zmCmvSI1ow,61,54
UCXylA9BrLQzaqCR0wNH_nwQ,34,8
UCY1Q-4wOXctc1oOObdUS7JA,1,0
UCY5NDinr2975LghozXAeTWQ,16,13
UCYBARVyitZWkFKovnC2jf2g,34,30
UCYDQnAs-0zs8m-s6BMSnehw,31,0
UCYDVFfp_AN1WBiNwaf9522w,345,302
UCYF32kNlU1t7Q0PedXktyzg,8,5
UCYI_ychRnL7sJrG6PUSBpQA,36,35
UCYJo04cZFlwL3XNnJ8aYtTw,31,2
UCYMA5wEYOl5etySIpDWaNwQ,19,1
UCYO_jab_esuFRV4b17AJtAw,28,23
UCYSMmZnOy9LEy5jhEgMyddQ,35,23
UCYUPD1QyZStSkdRvG9FPQ4A,24,20
UCYWIEbibRcZav6xMLo9qWWw,27,27
UCYYUGTG__Kc_4RBhv7FEolg,41,32
UCYb6v1AlX6prKl83DswM5iw,33,32
UCYbFCdcMfA68ZvJO__zTUjg,32,18
UCYbggI6qVceWa1_1dfH0hMA,32,16
UCYeF244yNGuFefuFKqxIAXw,88,77
UCYenDLnIHsoqQ6smwKXQ7Hg,39,33
UCYgL81lc7DOLNhnel1_J6Vg,96,84
UCYoKN0FOSrHo1qf4ZqlM2CA,38,13
UCYzEMRKqrh01-tauv7MYyVQ,35,24
UCZ-zUkkdNTYAYDgkDyeb_hA,33,20
UCZ3B62fbP1eBhBEEoH0YxZw,28,22
UCZ4AMrDcNrfy3X6nsU8-rPg,196,178
UCZ9JyVqKfccAyY1v5kc47-w,59,29
UCZAc6j2gnLgbVtvZ9F_biQg,31,20
UCZDCkQWcA3fh8rvrPXUb16g,32,25
UCZFMm1mMw0F81Z37aaEzTUA,32,10
UCZGQTIY_ompQk2GeAhRpy2g,27,17
UCZSKX0Sp81Btp0taUTS7CAA,20,7
UCZSlfzadjnw7G419c_OJ9eg,91,67
UCZT6sGZLgx345xFuvSWxaoA,29,17
UCZW5lIUz93q_aZIkJPAC0IQ,28,13
UCZWlSUNDvCCS1hBiXV0zKcA,28,25
UCZYTClx2T1of7BRZ86-8fow,216,197
UCZ_sh7Adgm6BqnnK3elBErA,66,28
UCZaT_X_mc0BI-djXOlfhqWQ,73,60
UCZbDycYPRMKxFiEeBTAcmnw,57,51
UCZdrY6BQMhjUdHX3moWVKWw,29,0
UCZgt6AzoyjslHTC9dz0UoTw,32,28
UCZiCgb0Ci1jDfNw9sbrHNUw,11,0
UCZnIrAaCCofirZ8xSC9jh0g,23,3
UCZobTxGcMQfWEJ3Di_bYycw,37,25
UCZpvLeZDtm8mmmvwgBrNVyg,102,69
UCZrXbiKCUkRNd0Dgn3sDXqw,25,25
UCZtoHl1p6R6_iLm2yjA9gew,18,11
UCZvoUuniFzmOjfBt67lNsEQ,36,22
UCZw2iqBZShBxWy8r1fwqP8A,32,19
UCZyoOijdUvzzd6xyRwac9CA,6,6
UC_0vAivjbJUH6RShuK8h5Mg,33,20
UC_35hRJlT4PEmvFCcU6l_3Q,65,51
UC_7QMZFw-6tCGRfvFOlogNw,34,3
UC_7vFlErTHxVD-IFNB-BFCg,33,31
UC_976xMxPgzIa290Hqtk-9g,34,24
UC_DtZXGLt74sv8EV1Covp9w,19,9
UC_IRYSp4auq7hKLvziWVH6w,36,30
UC_OJauDTr39a7rF1hvqnWIA,66,53
UC_Qcjmf7vL19BYW_bHYSfAg,40,30
UC_RovKmk0OCbuZjA8f08opw,40,35
UC_ViiQBrIqBK6Jd2fs8UU2w,75,27
UC_aEa8K-EOJ3D6gOs7HcyNg,52,28
UC_bXJnsgwOqEPA_-6N6faKw,16,0
UC_fFL5jgoCOrwAVoM_fBYwA,21,12
UC_gUM8rL-Lrg6O3adPW9K1g,438,380
UC_hr4utPQ2Y59Y5v3sPG16Q,37,26
UC_huoGvQQc8tAh27gR_MdjQ,37,19
UC_oMKGSjJp838-WKqp0phiQ,29,20
UC_pwIXKXNm5KGhdEVzmY60A,38,12
UC_v7EPbixFI6xC5MgCHjo8g,29,10
UC_vz6SvmIkYs1_H3Wv2SKlg,28,22
UC_wCbFZHCh9amfaXXI4yq_g,56,45
UC_z1-SiJKvvBsFb95eT9JwQ,31,27
UC_zEzzq54Rm0iy7lmmZbCIg,65,22
UCa-aGbqYQA8kAJy94v9yKtw,32,17
UCa0oRkEafAO4Otb-_aFXVcA,23,0
UCa2Nr1Qm93k07VuwEXCnrog,10,6
UCa4a-hXHI8bitNXnvyZNzEQ,33,17
UCa5R55NSXiWAZWi9997XYvg,27,23
UCa9siXYE9McabZSTOkhnUtg,22,17
UCaC4prHJ6uWSIKyaEvfU00A,62,28
UCaDBRJTQhIg_QhCkW7SxWGQ,28,25
UCaFGDBmGK_jw66u3av2Ysjw,25,24
UCaGEe4KXZrjou9kQx6ezG2w,94,83
UCaKZDEMDdQc8t6GzFj1_TDw,30,26
UCaONRNFNqn96eE58GD_UylA,31,24
UCaPu3LJBU5w_ghFUMeko-nA,26,20
UCaUz5kEkQCTh29pLJH-gjVw,35,24
UCaWKoo7s6UWWBONZQZUOqRQ,33,26
UCaXkIU1QidjPwiAYu6GcHjg,69,64
UCaZ2jG4qd1vY-Tkwiq9FBlw,31,25
UCa_3ly2XPt-y3tkkEtGfpCw,20,9
UCaaoXEItXBzJJtjvSfXx_CA,33,1
UCad9ZgDkH6Kq7oiM8rkaqAw,24,21
UCafEZMU5s8geb9oIly6xTrg,28,27
UCagiBBx1prefrlsDzDxuA9A,27,26
UCahRghBkidF24RvCXLL4ezA,33,12
UCaiL2GDNpLYH6Wokkk1VNcg,33,24
UCakAg8hC_RFJm4RI3DlD7SA,32,31
UCamdvUq4-BoneYsHZt0Agrw,89,64
UCaqcvH8EvUtePORpN03jLMg,35,31
UCarSZcFQ6-0eqZrAG4pKoMA,107,73
UCavUx5z-IziOIxbsK_Ah7ng,28,25
UCb1GdqUqArXMQ3RS86lqqOw,10,8
UCb2KzMTnUAoPraHjlsagZOg,27,14
UCb57aRZr3KsykS_wNsD5Ptw,80,52
UCb75PJZ4oUf-6ctnDov15aQ,30,0
UCb8vrqP8Z7Oz9ZTYvUtjUHQ,35,29
UCb934vQ6fg1JZQKvkCQ_j-Q,35,25
UCb9A6uotqUiuVCvVp4GMqOg,59,26
UCbAlVnKhbGLK78GsSemQXxw,62,60
UCbAwSkqJ1W_Eg7wr3cp5BUA,31,31
UCbDt6x2bir9DvSc6Lua-Wog,32,17
UCbKWv2x9t6u8yZoB3KcPtnw,30,18
UCbLhGKVY-bJPcawebgtNfbw,30,21
UCbNcr0Zb-BnNrAXb7g9b_GQ,37,24
UCbPSQzSdy20ePVpUyRPdj_A,22,14
UCbRP3c757lWg9M-U7TyEkXA,24,23
UCbVFWdsuYErQacj-X2dth4Q,30,0
UCbW18JZRgko_mOGm5er8Yzg,62,37
UCbXgNpp0jedKWcQiULLbDTA,33,22
UCbY9xX3_jW5c2fjlZVBI4cg,106,102
UCbZyma5GjryWeBnelqIpJGw,38,14
UCb_ilU-RAbFstaVvYrTA5kw,23,17
UCbaGn5VkOVlcRgIWAHcrJKA,30,29
UCbaZa-dV7h9QOLzrzrY363w,36,24
UCbabUTCLH4kSJnoFl5RhbtA,33,25
UCbbXg21dyATWYJAJV2eKUdg,25,4
UCbc3_Q6R6kFvq4o9afJoVdQ,35,14
UCbemw7xLVdqukJJR6qm4AMA,3,1
UCbf760lHTElhPrG4kyI7twQ,32,26
UCbfBFlMglqjaSIIRzTivB2Q,73,56
UCbiGcwDWZjz05njNPrJU7jA,25,22
UCbiNMBd57pgETEFbiDSa4yQ,16,0
UCbjG74k_QkVxYkniXajlXsw,54,7
UCbjgKwnWnGG7sKCPTRgrFcw,23,23
UCbk_QsfaFZG6PdQeCvaYXJQ,39,37
UCblXhdsPTSO63NhHZlNJvUA,35,22
UCbmOgzvvDg60mXGm9t9Ad5Q,103,92
UCbmRS3i-yPQzsz2B5EM43hQ,51,27
UCbmTWHgTCBRHKdzfYVIY6VQ,34,23
UCbpAbeTSSyYoCNSXIFWFSRw,37,24
UCbqcgYtWRNbiRQn179Be59w,18,9
UCbryyDwitBwoTGsfNkTlprw,18,0
UCbskUSc4HGQf6g_cPzq_Rwg,25,15
UCbzxpRCGBvgIdI4PrO-P0mw,36,19
UCc-Yj3lMj3s_n1tqcGIzQ6g,28,22
UCc35WvHmQjLE8NN4Y_ITmUQ,35,29
UCc3Oeyd8Z00K8YrW6I-9v1g,8,1
UCc5dpUKLcZQQaDxMB_nYi5g,38,31
UCc5vZEM1MLUzCrg_aZIJdeA,39,23
UCc6Waxx9PybeXiF_xTx9g6g,24,13
UCc7gpqMnnOSbU_F2-5MVVZw,20,8
UCcIyDrEllzVSGod9djI6y6w,40,3
UCcJQ96WlEhJ0Ve0SLmU310Q,32,29
UCcJcLmalpzHfE5-qNtMujVQ,29,19
UCcJyQ5dihoKAKwk2aRi-CQw,34,31
UCcKwYjeZl4ceDqkH62_DKJw,31,19
UCcLeOkD84a4nIvQYMj6Fw5Q,29,20
UCcNPbOeFo-qM0wpis8Lwdig,34,29
UCcSNcvoslI429tBF8FQAa_w,33,11
UCcW1cNDhM6nSM_Rai4WMHIg,9,0
UCcXPEPxkcJId307kh_0divA,25,15
UCcY_4DFaSXdZk0hKolzIitw,32,7
UCc_M0OhnIMsfDdbS44n-YzQ,31,27
UCc_bMCfOWdFe2jweTBtHhWQ,32,19
UCcaEVV7A47J4k9GFcqOOYkg,29,8
UCcd4iyTC0KkHPgfJmcDY2bw,29,21
UCcf1t1tH-Pp5bmu4hbAytwA,72,67
UCcfVrE3mmeQZ_RN3u5cUECA,27,19
UCchBatdUMZoMfJ3rIzgV84g,67,58
UCchgIh8Tc4sTmBfnMQ5pDdg,30,21
UCchhviX4AbFlBnpJ_0u-caQ,37,3
UCcjVGHwHYVOkuvNEX2UH11Q,30,28
UCck1m7zZdzioiUzqhzpdNPw,61,39
UCckltLEhFLv8Xz_lQhYfwmg,13,1
UCctDQlR34dhq8p3vSKfh8dg,128,18
UCcvczmsieHPRsrpc3v7GUmg,28,23
UCcyOI2xMEfK940Tgwzb2VHg,31,23
UCczR_7pZca8dAljwZCemXZQ,34,33
UCczVGEKd7mlIaEenCdbH93w,23,21
UCd-3yWPyqe1uzAqJcppUWHQ,60,41
UCd-swDW3HCs4LTZhq8Cf7Fg,28,22
UCd15dSPPT-EhTXekA7_UNAQ,60,36
UCd16q6IUlZtKWhqnt3gKmuw,35,32
UCd2KNtfphz8HvYzM4pwtHmg,26,23
UCd4t3EEUy0LUOM4MTdjpNHA,32,28
UCd5hdemikI6GxwGKhJCwzww,119,99
UCd6MoB9NC6uYN2grvUNT-Zg,58,49
UCdA2SVgIp0OPs0-18htMPXA,26,21
UCdABA6CLwAZ5ef_QoqbI60w,43,34
UCdAdcNyKD-OXAVjexM4RJ7w,27,21
UCdJfRd1KqFBzVsJn9tC-JOA,31,24
UCdLIM09vCWUHsvUCmIRnLZA,31,23
UCdLS3nqRXp4lf1DYFm53UEw,5,0
UCdSa5ypKUP3tMUVD2P1Ha5A,30,8
UCdUD6racxisHiSX9iWFcuug,33,31
UCdUl_bahs2CptEdW0us2TRA,129,73
UCdXiwzRdQhVkKWxuUdWG8Cg,34,18
UCdclVw08N6Hyqo3PEr5fx2w,25,15
UCdfbgAEwn8tRpseFOaS2NZQ,29,4
UCdi8yQBdBfn1ECu3ayH_TnA,80,40
UCdl3ece6ZfQwsiLbMnh2bCw,210,183
UCdmEIMC3LBil4o0tjaTbj0w,97,81
UCdngmbVKX1Tgre699-XLlUA,72,55
UCdoadna9HFHsxXWhafhNvKw,7,7
UCdpHK9wCO75Pw7kxTfAxoEg,31,26
UCdqFIax7iWc7_fm4-_7pRRw,27,7
UCduf5_5FnIptzDMBJ75ttFQ,65,40
UCdvBex6r_1-i8Sut-mCy2Jw,5,3
UCe02lGcO-ahAURWuxAJnjdA,30,30
UCe038r93Ei2Uq2vHdTArmkw,30,1
UCe1KxviEvkGbkTAcaw6F6-w,21,16
UCe3qto8hTcjXeTEDqngqXVA,29,13
UCe4TiRe3lU6kGVr9S3_2SCA,296,243
UCe52oeb7Xv_KaJsEzcKXJJg,27,18
UCe7AsLJPq-tCqIk6nLtNMQA,35,26
UCeGa-vSdaxefW7sWtkV_K6A,20,4
UCeGvn22v6BDVnE4wRePB59w,23,13
UCeJDMiXb139qrWQxMayqmmg,33,3
UCeJFgNahi--FKs0oJyeRDEw,36,28
UCeOoUjlLiP5qKBozcdIjnGA,1,0
UCeP0-mA85a1UM05qFMub7Ow,34,24
UCeRjueZ0Fud9wumh5T8aU5A,36,5
UCeTDBdYwXw00Euml00SAOrg,8,1
UCeVb1p9-ZgbuNCDpITSfxVQ,66,39
UCeY0bbntWzzVIaj2z3QigXg,200,184
UCeYUHG6o0YguM-g23htdsSw,2,1
UCecAIXPb5KTJz5BFnUzlTaA,41,34
UCedhmYxrEunepeet06l7veQ,28,15
UCejVe2sNPjjvfCXg35q_EQQ,141,106
UCekG9LXAsu0F1TW12oe5qAA,24,6
UCelOyySQMezOEo5DfWk-0dw,32,20
UCenjunBhBhvKjfDAESnoppw,34,20
UCeoU2maQX8JiQ9DTuhOVz5g,26,25
UCepf2rSJI7XMvSN4iP5Wf8g,25,6
UCet0ZrYmw-V_hsGPb7KsiOQ,400,310
UCet_y01v87pE7MPGikjTQQw,24,13
UCew4GaVjAsE5Pxrvf9vAimw,10,8
UCewp2wR1WQK80rBjCxyLmuA,28,17
UCf1jN421MvkLJGO0a8SKe5A,26,22
UCf4iKXL_SJQ5d0qsKkboRRQ,61,59
UCf6_sB2Wl1qHMA9xgCQoB0A,33,0
UCfAfMATkdp1kClTEENP1oqg,62,48
UCfCC_V-j9nmTSHFNX7B28DA,4,2
UCfJT_eYDTmDE-ovKaxVE1ig,35,29
UCfJrdVVcWZMHLC--a4ovLLQ,32,28
UCfK_cpbu5KOoF6qOOQ-vZgA,5,2
UCfQ3dJMtQxPdsR7yLoJR91Q,34,18
UCfQk5qGOEO5cPPDFlQe2lFQ,20,18
UCfT1UNfPy_MVtQ-FYpaaoRw,24,0
UCfYHvYyFICHwHVO9lHwmiig,28,6
UCfZGWKJI5wT81Nsb_VOUlhQ,32,25
UCf_6wNttvdZzV6Y9w-HX32g,34,22
UCfbqdAYRKCKS3okHg8VhpIQ,28,22
UCfdI5E2F4r-rvwdqSy3vdbg,38,31
UCfdNM3NAhaBOXCafH7krzrA,23,20
UCflPux62TDLc_SiRsLZYIGA,26,21
UCfnEmDUWC4m0k-tDDGVM2Uw,23,20
UCfpC0sas2CVEs2ua1SwSGLA,17,1
UCfpQNRZUpg1S7TePCrDlBXA,36,25
UCfp_ObeA877WJcsrQ2zKyyw,24,0
UCfptHH9wJ0ZwUOF0uJcZw2w,13,4
UCfqI4vaaO70rqTFkESj99nQ,33,31
UCfrREf-q6PbTxNgsB5XAp6A,27,13
UCfrd3BAfIxnQurW6onoaY1Q,38,31
UCftwRNsjfRo08xYE31tkiyw,156,133
UCfu4y0dhh8STmiQyvfk4t4w,25,21
UCfwE_ODI1YTbdjkzuSi1Nag,61,59
UCfxNjlPAfbtKe9u0c6mhOHg,25,17
UCfzP_CiebRdveD9rRZv5Ndw,7,7
UCfzdwrvkTuoBqQDpQVC8gpg,31,21
UCg6b--eTCc1ozV92IOaNvVQ,32,32
UCg72Hd6UZAgPBAUZplnmPMQ,36,27
UCg82O1dADLORJsVPUTSOwGA,62,2
UCg8xaLuLPSqDki04Ulo2ywg,35,25
UCgBmZT8C8GdSPDTKmpZFZfg,35,34
UCgCnU-BQNJJJhKbc-oBMpHQ,7,4
UCgF4BmTIR27laD-8HQK0HZw,31,11
UCgFDGnuxli7vIPpj99xCbpQ,31,26
UCgFP46yVT-GG4o1TgXn-04Q,33,31
UCgJTEV-nL2oEp1PxPRN9Ghg,33,15
UCgJgDI5G8PaaVOrLd0Z_Cxg,89,73
UCgKEvLp8DXCTMq4QY6wW7bw,34,3
UCgKkNPU2Ib7_TcyAl8M2S-w,30,22
UCgPeJSMnI75Px4p5sZeIOcg,26,8
UCgRQ1rabw6ai7eRCgQFOoHw,3,1
UCgV-hgprraRb071mumQFw2g,33,7
UCgV0XiAesMW_-P4nkvMdVSw,32,29
UCg_2rtTN4Mk0xQiSUg4VnAg,32,4
UCgaAi6NU71GB0qFp576NSVw,27,8
UCgaw0t5Elj8qIlnjvnBImrw,19,3
UCgb5Cb71XvKXT5V1d2ORVmg,23,17
UCgbM6dslSl_h_UaU3E32tgQ,56,44
UCgbyN_o-Guwpyqfuuz3pyIw,35,34
UCgdVzGujDgKTYPUuia2R0bA,35,23
UCggQRXA6kODeQ16RlAmihbQ,28,17
UCgjFPVezDdWXv6FiYDFIsow,17,14
UCglXlpWjIi95auM3umWWLdw,23,8
UCgmPnx-EEeOrZSg5Tiw7ZRQ,33,19
UCgrHMffytDYdZlvVCuw8peQ,29,28
UCgsTgyATKBhaRzh69swGdIQ,27,14
UCgsX_O4_Zc7lkvVuQ-BpUCw,29,23
UCgyHfURgVpfPzn1n1jSVTRQ,36,0
UCgzDCYjPojwbyQCUQLAMCuA,20,5
UCh-GXxkUCFItAvmkTlbnPTw,149,103
UCh2pESyYhs7ffFE6w9i_zzg,31,3
UCh3Rpsdv1fxefE0ZcKBaNcQ,153,97
UCh3dLwn4Y8K3EaRKcaJthnw,24,22
UCh57HG76EOOhl_pmJTXhblw,33,25
UCh6KFtW4a4Ozr81GI1cxaBQ,25,21
UCh8IuVJvRdporrHi-I9H7Vw,69,55
UCh9IfI45mmk59eDvSWtuuhQ,54,41
UChBEbMKI1eCcejTtmI32UEw,36,31
UChBMeMPvsKA-M3QLgEriwhg,8,8
UChBVf9YnourrEDTsbbwJPRA,18,16
UChC_apOWk6MSl03byUiVZRQ,45,41
UChDKyKQ59fYz3JO2fl0Z6sg,45,44
UChED8xs4xz2In2UhClxkQ4A,4,4
UChI-cTok8fJePnryAd0mTvQ,35,31
UChJr8gb-lKSt_xgSUX-e98Q,39,37
UChLtXXpo4Ge1ReTEboVvTDg,31,26
UChPRO1CB_Hvd0TvKRU62iSQ,28,20
UChQEdt9dBiCkcCch6LyrjtA,59,15
UChSciKtfmRO5YsjZ0MQYMcg,39,31
UChWfNxxWaBeoD7ip-EMwN1Q,33,14
UChX2haJZZJOtIIrdqLPvQWA,34,1
UChY_9WJx0saa0St48lSdytQ,24,21
UChZTy8gPA5do3YXLbF0JG-Q,22,1
UChbVeRtv-cDsM9-PO4Mxltw,29,0
UChdlb6PNmNiv3KlfiMMsoiA,99,83
UChf6xi1WL27OEqLp3wu0q8Q,27,17
UChh3WEYwnNgo34KifbWuLZQ,34,26
UChlT7gVbt6l0C2Q_DLlU4cg,35,28
UChneGqGy_lmvfcR1v_avL6g,29,5
UChpleBmo18P08aKCIgti38g,28,28
UChvK5pQeF9_Ar6XR4ttc8Ww,8,0
UChz9LmLfA1Q2SCx32fYw-Og,37,33
UCi22AHGFBBUmdykTf8AMMfg,15,11
UCi3SR4l-4eX54WYyheuSkXw,11,2
UCi7GJNg51C3jgmYTUwqoUXA,28,18
UCi7Zk9baY1tvdlgxIML8MXg,18,16
UCi7wDE2ZTiR5QYYrUY5WhtA,35,35
UCi8e0iOVk1fEOogdfu4YgfA,30,21
UCi9SqUCnW_flgsrl6_PRJFQ,39,36
UCiDYojuf-S9wwMs98aUGbJw,31,29
UCiJUp_NBW2D_UMQIvq2nlPg,31,24
UCiJcM95iuhvQoGkmz30eV1w,27,0
UCiMbglOfIEtT4-4EY-Ruf5Q,31,0
UCiN4rF5XL_fKYOZkGKtdaMQ,32,19
UCiQLg9dp-ui4YzBWrce9Dsg,32,15
UCiQadjXDPqZPwIX4EXAG8OQ,13,10
UCiVm8XcbwS8-pcDEa5lFXIA,37,23
UCiWLfSweyRNmLpgEHekhoAg,37,34
UCiZ2z8F8ilr6SC7lOaxAQ4g,50,41
UCiZC4ppUa90nhv4b4-WiZ5A,28,20
UCi_iNBqvBJJ3oT2oroRdZrg,27,23
UCidiEXdWtuFT6DH3RYiUs3w,48,1
UCifnFdTYxNT-3WZo5krqGLQ,22,6
UCisy6taOAeLfyaCqcMQDfig,108,95
UCixD9UbKvDxzGNiPC_fgHyA,29,25
UCj0sKQk9qjiIfNH22ZBWpxw,119,57
UCj3EXpr5v35g3peVWnVLoew,41,36
UCj4sx4C9ImPJpACdoKW0OtQ,32,15
UCj4vWvd9COCwHgS82TrrPlA,33,22
UCj5K5MThs1DpTWIG6AOVPBw,24,18
UCj7S40KeV1AHEz9CEGNJ34w,32,12
UCjBktdjpQkkf7BHsgISs55w,2,1
UCjD_dIlYBil51LU42cl3EkA,31,25
UCjE9oosITb_DAI8EMcsQ5TA,29,13
UCjElJyiXmQXnWmceQ1JyKrA,25,3
UCjHWv2DU5-HLpogAAr386DQ,34,28
UCjJHHCyCSX02-LGlEr1BKLA,34,20
UCjLKJaDRNAeM0QhfK1yBibg,36,27
UCjWgFEwDOOTVQgVo1yZ8-5A,27,24
UCjZ2GbB_-JHFLKUZAn7jDjg,30,1
UCja8sZ2T4ylIqjggA1Zuukg,30,27
UCjcQ8xYMDg_4-dgKQoHrNmg,20,5
UCjmJDM5pRKbUlVIzDYYWb6g,30,18
UCjo1uN-aM3rmBV46xj7l2KA,34,34
UCjoQwR3riT9mNSwC5A6kRgA,18,16
UCjtUS7-SZTi6pXjUbzGHQCg,27,26
UCjtpP3jb9LOpbGxdNQhk3Qg,10,9
UCjwlodArwCSio3JCWUOK9Mg,34,21
UCjxAUYz6RxbcCYlNZnZcwKQ,29,25
UCjzi56cxvmEDwjo1Bd2Yxpg,42,41
UCk-KURTfguuNATLwmgIk5AQ,31,16
UCk19iYDCu8aV_KTDdELiucw,16,5
UCk1HnZpqA3HDHkiAbMnGFaA,36,17
UCk5TtU79zpTNmQrSUUIm25A,31,15
UCk6ONJlPzjw3DohAeMSgsng,1,0
UCk7DcAEWN8dna2A_KYSSslQ,91,58
UCkBmM3F-oX8YfyfBpc9yKJg,31,29
UCkEfuaP1jl_8M0eOcia9WmA,17,17
UCkGaVPpI3NRWogWB54GxO8g,29,15
UCkGvUEt8iQLmq3aJIMjT2qQ,36,32
UCkH6-sgIxWjGb0kAaybyzew,39,36
UCkHASsLOHuddMTzARove3AA,48,6
UCkJEpR7JmS36tajD34Gp4VA,82,66
UCkJz0IjpFA9IYA6wUPyAQIA,32,24
UCkKDpnzIG29MA--Sh6oOtWg,56,3
UCkKeG3Vz6R0JZowsYE2hMHQ,44,3
UCkLNHZZsC3LKdUAroKNwOOw,95,23
UCkMrzpvOdM2Ndc21jgbj8NA,31,4
UCkNRdK0q5KZssogiS--R4pQ,31,28
UCkQO3QsgTpNTsOw6ujimT5Q,39,29
UCkSMDOtrKr43OGSSmKnx6tQ,36,35
UCkZu0HAGinESFynhe3R4hxQ,27,16
UCkc6y6DoQ9vNMnSlH-8gw-Q,37,28
UCkcqmxjMXaBb0kDWqqSEU1g,30,20
UCkfTm3HfC4Fqr5dTPJHc9Fg,25,22
UCkjOy-CyP1EKwB5wDdm21xQ,31,6
UCkkPGKGkioMO4J8PEbfpddw,95,61
UCkkWiZ59-JghPsbwbIRVyRw,31,5
UCkka5j2ya5biR4oBGlaZCmQ,28,19
UCklS5HHfV3qVfLgAAKJIepg,59,30
UCkmLpbIFpQS0MOJr0FOY_nw,59,23
UCknLrEdhRCp1aegoMqRaCZg,131,112
UCkonnVOfk_KQaYa8qeAGxQg,28,16
UCkvLEcEHQ1TGvRZW-lwh1yA,22,13
UCkw4JCwteGrDHIsyIIKo4tQ,153,130
UCl-eRTiL9VOLhXhX_RT1gsw,29,26
UCl0L4ecl2ipGTVLp0zz8Puw,25,21
UCl31nh9FGrKKGjKn8uaOasw,29,28
UCl71E6OK8g7nQsyJv-6Ml6w,24,0
UCl8TEoIOnMq_5ntJOYMq-Zg,55,46
UCl9yvlcKLCImWlthDVVwS2A,36,20
UClAloP4xff1FZHBFXfj9emA,29,7
UClBoSG6JnFaxAmqmI5cuK_A,60,43
UClCe18fwE4Gtr7vgqka1Zlg,30,6
UClDVWIdbYk0mCnL9nkRHSxw,31,9
UClEaLQq1OzzfkLF4-0WSdrQ,30,26
UClIZMYiXeR4BSBFoqlgugcA,32,21
UClOcsq2eyhAf5tisO0evIdw,34,7
UClVrJwcIy7saPcGc1nct80A,36,18
UClW4jraMKz6Qj69lJf-tODA,30,19
UClX4cj-L_4Q-VQ8k48w1LGg,8,1
UClXIE26CH8oyaIX5a_vpPJg,15,13
UClXyQldSV7ZAzW5fH32FWlw,27,14
UCl_7TcFxC6XNZOVmJClCUEg,27,15
UClaXaq9QJLwnCr-fMX17I-Q,45,2
UClavAb2T4kVNj-I_5qKw8sg,25,20
UClh7Lmy4FDnPMIrL4sSNYLQ,221,129
UCljz_M6NK7ASp5u0t2ImfiQ,80,63
UClkUhTjFbQbtGfS14h9Vw5g,38,32
UClu474HMt895mVxZdlIHXEA,31,0
UClvgyQvIplPQU8N73vPlFUA,32,14
UCm0HJFN_tqEJTWayKsbcHng,31,2
UCm1dsgJNnhaLkY3uAdqN4mA,31,18
UCm4--U6UJnI1taBnkekOlxA,33,21
UCm5mt-A4w61lknZ9lCsZtBw,34,30
UCm5wThREh298TkK8hCT9HuA,25,1
UCm9VBJnCWbtqWeg5EzXH-PA,23,19
UCmCCTsDl-eCKw91shC7ZmMw,28,5
UCmDOChfahA4gZU3WoRriNUQ,30,9
UCmE-SU-4kME5yeLeiR93OiA,10,9
UCmFVeAWxiBM9wkS1OeJKhUg,29,29
UCmGSJVG3mCRXVOP4yZrU1Dw,27,25
UCmHzCFgOiVlZVT6ppYi7CpQ,87,46
UCmJWxL-S_cGLXsbx8vhbq9Q,66,60
UCmOA7RzdvNCI3YbKWU14-4g,31,9
UCmQ7nUqeKBYeZGkLKNK2aKw,30,13
UCmRtPmgnQ04CMUpSUqPfhxQ,1,1
UCmS75G-98QihSusY7NfCZtw,32,5
UCmbF1cyNa6y7uNYiqYmSVJw,55,51
UCmh7afBz-uWwOSSNTqUBAhg,33,26
UCmi7CahP3G3YySOAFOfSnkw,14,9
UCmihriEKTDg-YkJ1Hn49gsQ,35,29
UCmjcipK4ISJ9ZGYXVflyDmw,2,1
UCmjeWRE9boeZfWFIT2cMsvg,33,13
UCmlWSK_3tx1hEGswvKGnYbw,34,22
UCmmPgObSUPw1HL2lq6H4ffA,72,56
UCmnpMr4Md5CgZ5MdlghTYqA,71,62
UCmuqCD1-z48_-9KtDTHbQ5g,31,29
UCmv6kmr0gJltiqlu2AtcLHA,15,14
UCmvBVmiTrR6qlG2Merzx6tQ,36,14
UCn2YKsCiDpL3UjxIm4-RCoQ,21,19
UCn9W4PujTNjq4C_vlOgpyow,24,18
UCnDl1lJkp4KgEbJKLnVLPjQ,41,11
UCnFmIxjxfZsMLaTskyrRSfA,31,21
UCnI3TuOg8D3SCRPW8ET4EAg,35,31
UCnLG3faqJVbi2BsvMS87Kng,30,28
UCnMn36GT_H0X-w5_ckLtlgQ,121,113
UCnOtD9H-cffACLfOJdk3cRw,22,9
UCnPjVVu__eOVZnAnjBiGhKA,29,15
UCnSDZWM7akmbgbwdECSPpow,4,2
UCnSR7_Oq-MdsZxfogsfk-Ug,24,16
UCnTzym6VmmyDiVEOnBIFfsg,31,23
UCnUqX0KIAu3svfrlkrYaZew,32,19
UCnXQ2UmtPSvbhD8E-jllazQ,5,2
UCnZixomZ5A25EUR4J4UBAag,23,18
UCnbIcS2C2SrUuDV7NX8mvRg,32,23
UCnfrIHGbtK7OSTYMS-zcOeQ,27,21
UCnhb2ElBlkFiaFq_rgbkDfA,34,20
UCnj-zykC0v_6LFxf5WndmwA,60,46
UCnmFy6kByDk4WiQ6gOIIFug,91,62
UCnnQ3ybuyFdzvgv2Ky5jnAA,98,88
UCnobTPLeBxWHurWHq8jzsnA,24,6
UCnsmVWGrFH4uZJ2MGqLlgDQ,25,20
UCnwUjPK7dXety-AJ4fNw_RQ,31,30
UCnxGkOGNMqQEUMvroOWps6Q,27,23
UCnzDWHTbEE5UWd3WuQAX6zQ,90,77
UCo-nxhA1c6OfgkZLb_x_zKg,24,11
UCo3Uz96PEWjZCLiRiR1qY0A,36,3
UCo621I_M2ojC6EK6xgZk3XA,33,21
UCo7a6riBFJ3tkeHjvkXPn1g,29,27
UCo8bcnLyZH8tBIH9V1mLgqQ,95,82
UCoJNIIiyO7LqVLdLXuBv_Kw,26,18
UCoK_woRkWBbkQ1L7wc-O2bQ,24,5
UCoL68NLLSUQqEDwMZPvrdEg,65,22
UCoL9102qjP4fMOCw4Hj1A4g,24,15
UCoMdktPbSTixAyNGwb-UYkQ,56,46
UCoMzWLaPjDJBbipihD694pQ,95,62
UCoORXcc2eQHEea-c6XoF64A,2,1
UCoOae5nYA7VqaXzerajD0lg,30,24
UCoOss5XiPpnLHGmLrBvNkJg,22,20
UCoPHzo6P_19R2DqiWDLIAtw,31,8
UCoQ82DJKX_kB5YTNBeYN-eQ,27,18
UCoU-uvuKOMfd8g8iFONan5Q,23,15
UCoUM-UJ7rirJYP8CQ0EIaHA,67,30
UCoV9RwQUEBZJX6EvP_s9XAg,23,0
UCoYPt6E_mUCXKM8e3ZoizCA,66,54
UCo_IB5145EVNcf8hw1Kku7w,31,21
UCo_sCO2CnxerFBIXCtdWi8A,63,54
UCoamPiVrts0-qXQNnTn5jEw,31,0
UCocx9hVUvgMMNupSEaD2GAQ,29,21
UCogNMtzi_CJwQkYtS30V5FA,39,8
UCoh-C01mA3H32unyTAOF0NQ,31,10
UCoihrBTsIlpFnTkJFU-kdtQ,4,0
UCoj4dX_MBHfO3OoOw8MMMbQ,32,19
UColWnHpgYPbb746xFSc_6wQ,24,18
UCorVBcR89wztpz9-dtz_nww,29,9
UCor_kFLwhSPubDOkuFFWNXA,25,22
UCorruoVYwGGyND4SZVtrVDQ,1,1
UCow_f6rdMDzN2jBcHM-6sKw,31,20
UCp-IaqOaxH7OLYFb9FEHK2A,24,7
UCp-uaoJ9fD4o1wVnGAcK6XA,1,0
UCp6_KuNhT0kcFk-jXw9Tivg,32,7
UCp9UFnqm9oUr3U2GSNKBuew,29,25
UCp9fdMyEgqyhoZjUynb905g,12,8
UCpF_Q1Mr-KS_hsTNEu4oArg,16,10
UCpHWNd83s0a--p9myDq1Hfw,74,29
UCpIn7ox7j7bH_OFj7tYouOQ,81,79
UCpJtpB6phQSmGYqXwHMoW3g,27,12
UCpM3V4rrrwAq2l5pJ6v7A1w,33,10
UCpMNCbnIjxci0LUs4MVqFdQ,3,3
UCpMcsdZf2KkAnfmxiq2MfMQ,33,30
UCpPwodiYc4ceaqEBB54trHQ,29,20
UCpQyvmKsmErzFlYHH4UPcHA,32,7
UCpVH3AFcRbAri5OAUsYRZDw,332,26
UCpVm7bg6pXKo1Pr6k5kxG9A,150,119
UCpWP1zLlQDxaBQ_3DKg0ULQ,35,30
UCpWaR3gNAQGsX48cIlQC0qw,26,2
UCpYF_3dMxbTukeCG2GsgPbA,196,152
UCpbClyFMuJQJJH7skfiVeQg,132,110
UCpcuN4m4C69XMzGd8QypFYg,14,0
UCpeSv0N9tbe2V5fLMVrlodA,33,25
UCphLLUvY0al4TiuhRbm6Cqw,1,0
UCpjlh0e319ksmoOD7bQFSiw,12,11
UCpkMFmLkbaPwyBLACCnnoCg,32,21
UCplqZF_Lb77bi3eUsczSV1A,32,23
UCpoFTd5pm7T648WQYGDgjjw,22,4
UCpq2aZ_la87_eNCHTurQQNA,37,18
UCptwuAv0XQHo1OQUSaO6NHw,46,39
UCpuT8AlP9P9EgW_pZ0_xInQ,118,80
UCpvCCcbe2Grs0iZ2RScez6g,34,21
UCpvyOqtEc86X8w8_Se0t4-w,31,30
UCpx_k19S2vUutWUUM9qmXEg,71,27
UCq-Fj5jknLsUf-MWSy4_brA,66,20
UCq0grzC77X9UZd9xngQRTjg,25,24
UCq46lKycfqrBtUPTxUk_NRQ,36,12
UCq8DICunczvLuJJq414110A,27,11
UCqD1vWlpai9SUvfNfzVvUqA,22,18
UCqDOgbuIkgseaGA8JZsLffw,70,63
UCqFhfan_P2AmGVB1X2B-3Aw,25,2
UCqG3b7ktKbW_G6Zv0T6yiaQ,61,22
UCqIhj9E30fxRF-bL9gtIsUQ,31,30
UCqJ5EkPzmVHTTrrHtmgWeeg,30,27
UCqQo7ewe87aYAe7ub5UqXMw,64,42
UCqTwKvjbTENZDGbz2si47ag,29,20
UCqUGJJcQoXIZI0STu44JT0g,16,9
UCqW8jxh4tH1Z1sWPbkGWL4g,34,23
UCqYw-CTd1dU2yGI71sEyqNw,19,1
UCqbOeHaAUXw9Il7sBVG3_bw,63,47
UCqdjA0jxKFhUzUAe0OiWUzw,32,28
UCqfQLEryIx3r6OP2VhyNWQw,28,3
UCqlsXJpAOICV20pxH2knYXw,28,22
UCqoAEDirJPjEUFcF2FklnBA,74,65
UCqoGR_EedlhKDVuWNwYWRbg,32,27
UCqos1tl0RntucGGtPXNxkkA,66,53
UCqvaXJ1K3HheTPNjH-KpwXQ,36,34
UCqyBfm_H9ugGirk1ufYA2YA,5,5
UCqz1Z9I6GY0q0xvUnLqGHOg,25,16
UCr-yZBBIzqOkcHjmAF7YR7A,38,14
UCr546o7ImhGM57qoY0hHvkA,18,18
UCr57uNlkRtWt8IqMOvUSYKQ,27,21
UCr5qeBG9g7bGtMGyHG2GzbQ,32,30
UCr6Bv4M4Jsec9Xrc9lBOT7A,56,34
UCr9a47pzGZNAUY5srcczTAQ,29,0
UCrDcofIg9AJ3Ky3BGuMnqqw,28,22
UCrFFy9BMtlNsg2wsa4XbTPg,22,17
UCrHQf1k-GtPByMHRsJjxO5g,26,15
UCrILBI7SUyvBCeoJxFpJNhA,27,16
UCrKTle4swI2H8V02FLtO9PQ,26,13
UCrLar1K8tHn5Lg-cAm_5Kcw,27,12
UCrM7B7SL_g1edFOnmj-SDKg,4,2
UCrRpYEytIHGyDgNWO6VbHlQ,9,4
UCrSL5o7eTh5techsNfVVOfQ,34,30
UCrTFPf6rq5OUSWb7ILW9trg,59,52
UCrTphLe4-fZY3_jExXwvDaw,31,8
UCrUTphxarZzISDiXFsFnUUA,30,22
UCrUWAHwPl7vttqBIPF9ZUxQ,63,46
UCrXzMVbjcaVvVtihxNpBvMQ,35,22
UCra5tzbQ7y52Y8crzjw0Z2w,30,14
UCraiFqWi0qSIxXxXN4IHFBQ,64,57
UCrbGXkoiC7DPoTU4DgYnvfA,32,28
UCrbLDRbD7EmERikOq3_7f3A,49,35
UCrfaLdVUAziZq9_yRFKYuIQ,30,27
UCri2vpzFkOaNNfG0uGm2nMA,13,0
UCrioNC6jxZmDMwqtC5rN-Tw,28,6
UCrkKeDYNCXu4BDY_0h67d5Q,20,12
UCrlIS7z20CnVaCrMvdkig_g,93,56
UCroIgxbjoAkAosWsfi0bgNw,31,18
UCrp_UI8XtuYfpiqluWLD7Lw,67,55
UCruQg25yVBppUWjza8AlyZA,30,26
UCruUAAgi8FPOEhV_6nxD0ew,211,13
UCrwzY_i2KJdKMPHGdtwzG9w,36,22
UCrx5pVziMo1qzF8isicR5SQ,31,10
UCs63uwXA_s2ww279MOaXeZA,30,15
UCs6ZQr6vTKU83dLhTABrN4g,33,25
UCsAtSubtzDCbWqPcYlBHA-g,19,9
UCsBjURrPoezykLs9EqgamOA,305,259
UCsDTy8jvHcwMvSZf_JGi-FA,20,12
UCsDnS4kjqUkEgcdp4R2TAew,4,3
UCsLF0qPTpkYKq81HsjgzhwQ,66,51
UCsLo154Krjwhoz8W00N8ItA,29,28
UCsMica-v34Irf9KVTh6xx-g,5,4
UCsN32BtMd0IoByjJRNF12cw,81,71
UCsT0YIqwnpJCM-mx7-gSA4Q,228,190
UCsXVk37bltHxD1rDPwtNM8Q,251,206
UCsYDA8aP_UqKeP_Xn5BOy1Q,35,13
UCsYJZHxeliV-nmf6fjsoc-A,35,32
UCsYLXBQ7RaagLd45glOwGAg,37,1
UCsYW6Rl1rmrdEiDFKIyYzGw,58,47
UCsaS5aZjlJPJCzNwjEc3waw,29,22
UCsaYKdGyEV_4KIVGtekpZSg,39,27
UCsaoxVZ4JEnBSE1iJRNGrzA,35,19
UCsix2fSnlGKPbQML3ocXlVA,8,3
UCske8PIaYjaPH1yBr_JojwQ,57,46
UCsmXiDP8S40uBeJYxvyulmA,28,1
UCsoMNUy0dPoFRAPcOjvdLTQ,31,26
UCsolMy8fNfkCw9lf8zc97gA,34,27
UCsooa4yRKGN_zEE8iknghZA,386,301
UCsqoUqiKajSIn__sNlOQY3Q,37,1
UCsvqVGtbbyHaMoevxPAq9Fg,486,358
UCsxJ9QfYa6qRbSA7TYnxk1A,17,14
UCt0SMZB-AHg4_KKsccj4j5A,7,4
UCt7LW9qkbk1D1sp9nIIqNMQ,30,11
UCtBAlQkiTnjqzkSmO62iDvA,57,48
UCtBLBiEGfvSBu-kpvhCq_Rw,31,17
UCtBp5FUvxIQV-3Dn4K_43-A,30,14
UCtEgLf0_j1vJLz0aNEdO2SQ,94,14
UCtG-RVaX4Nzj7yTfwOerQpA,29,1
UCtICg50_YuHVuK_erIcjvaQ,37,10
UCtOyEDcQkpJ-W0dB_UxQWRg,34,20
UCtV0jyO_aGii8b_9oz0FktQ,40,30
UCtWWry0cgjWi9C0Ye9sh6og,15,13
UCtXCZmV0U0bTpDfE-rwMQIA,27,13
UCtXSHpoksPg_AowNJh1ooYA,39,24
UCtYLUTtgS3k1Fg4y5tAhLbw,67,56
UCtZR9z2LPpXr9UiLQF6KR0w,32,14
UCt_FevX1UdOAMKGvXIzwTLg,79,34
UCta3MuD7omvsJyb-SMQkKOQ,39,31
UCtatfZMf-8EkIwASXM4ts0A,48,45
UCteF4--g6cL7jXbmujpRfeQ,51,43
UCthbIFAxbXTTQEC7EcQvP1Q,40,2
UCtinbF-Q-fVthA0qrFQTgXQ,34,27
UCtke4StIE5z2EiF85Zeqb-A,28,0
UCtlAFoYl2aWb6pMiHCctQHA,16,14
UCtmMJ50FQfi_Ep3nSnnvouQ,38,2
UCtnHxTn2yi8Fs3R7EnuYKBA,58,16
UCtscFf8VayggrDYjOwDke_Q,31,30
UCttspZesZIDEwwpVIgoZtWQ,25,1
UCtwQvkMG2Ksbe2HhB1WJlOg,34,21
UCtxD1EvAN5gRHfk3S_v_s0w,27,14
UCtxbV-l2t708Y4tkGSn2IZg,28,20
UCu0HI0THVGFWA6y12gb8G0g,33,7
UCu6H0owNo5Cm_J2znpYBjGA,26,26
UCu6eDhSb-UJq7_vLgKe4vHw,32,4
UCu8YylsPiu9XfaQC74Hr_Gw,30,26
UCuFFtHWoLl5fauMMD5Ww2jA,28,28
UCuFPaemAaMR8R5cHzjy23dQ,70,1
UCuG1usSaVDBG-_6l0wJnPjQ,129,23
UCuH22czTKY_PcWHvSZ6ibdg,38,12
UCuMZUmEIz6V26xIFiyDRgJg,15,6
UCuNQquyFKKikkscE9OQwrvg,42,30
UCuPLku1Zrk6HMr2S51yGkpQ,148,85
UCuRgzt9d1Ht89wMrSfl97cQ,34,11
UCuTAXTexrhetbOe3zgskJBQ,2,0
UCuTaETsuCOkJ0H_GAztWt0Q,28,23
UCuVLG9pThvBABcYCm7pkNkA,62,56
UCu_ddDIgIZREFg_N_1-z4nQ,32,30
UCub3Vt-aSQjYnj62vmVzx8g,124,110
UCuel4n7QXoG3HqclWqPaR1A,19,2
UCujEh8EooZHJe4YDinK3PAg,30,23
UCukbDcjeYSLtgUPtqVZh0tg,28,15
UCulYu1HEIa7f70L2lYZWHOw,58,43
UCulsxDuZ0gU8lzhpPAjUwUg,26,16
UCuoH9aFpJT0HltXb0XrKRNQ,32,12
UCupQd0e1leK4-Mj1wSfnkoQ,30,29
UCupvZG-5ko_eiXAupbDfxWw,54,39
UCutoQ8ltgJ_MXSU7ZsMe84A,7,1
UCuuIOPN4sluDyHqy8TI3MVQ,27,27
UCuuWA1J587Hlkt9mZ-CKKWg,37,1
UCuudpdbKmQWq2PPzYgVCWlA,26,20
UCuwJoiGWRxPYStBp0l0WuZw,28,26
UCuxfK38dUXj6oY_L4JjTCkA,40,25
UCv3cvTwgQy8nPj01yvn2yuw,55,52
UCv6T1ljYi3CETJ1Jqj1bFMQ,24,2
UCv9rbAUUpoW0k8MP2R4UEJA,33,30
UCvC4D8onUfXzvjTOM-dBfEA,33,23
UCvCYE-3TrY1GAe2l8K08N-w,110,104
UCvErWPrzaylp-zyK1OjsCvQ,28,3
UCvGwWJ_bcMkHRBuTNCL08cA,25,17
UCvHJzqB1KZMpZniAVWy3tkA,32,16
UCvHWfLnaHdnUcR8M8z2UJxQ,32,0
UCvHgAevYNV-A-bgA_edRjpA,41,4
UCvJJ_dzjViJCoLf5uKUTwoA,96,87
UCvKRFNawVcuz4b9ihUTApCg,26,24
UCvOca8do9ZtAkjytg_AU-JA,31,24
UCvQ6q0oG7EfECPCCOhuyaeg,27,9
UCvQECJukTDE2i6aCoMnS-Vg,68,58
UCvURWLttQQDceIRZfbXO3sw,101,1
UCvdxGWiC6FrVJSCso1tYOVQ,4,2
UCveWMJeHgcIUPMnFzd7Vxjg,26,17
UCvfrfH-VOHPYzMddGWIzoWw,26,17
UCvgT7Cks83k1VplVQxC4y4A,25,19
UCvhPRRiwI1_p4OBsY0yz6mg,69,58
UCvhd7zGGylSJtqk-7hXdmdg,35,13
UCvj3sUiOIvXZR00ZdMJFtwg,26,16
UCvkYQZ80HOAV8hvngztdMOg,3,0
UCvldQYubivfnUE2_8HigYpA,27,16
UCvmofFg-oZc4jvBUIfZbjzg,32,27
UCvpBKe4PjxCctjIrE01OIIQ,37,31
UCvpredjG93ifbCP1Y77JyFA,29,6
UCvrQdOvBRW-ycBQ32o1BCQw,35,23
UCvrd6VtgWF7CwaZH1S0N-Qg,28,26
UCvt5p3A11M8zd8iJPCC5XvQ,28,17
UCvulgQYQPPUMwCs7tKMXO0g,178,155
UCvyZS6W6zMJCZBVzF-Ei6sw,28,15
UCvyz2XB3Seq9MCbtORt1WIw,62,49
UCvz84_Q0BbvZThy75mbd-Dg,130,109
UCvzhkIinfe7hDRQXHkVzMcA,22,21
UCw2br80x_dpvJoAsSCC-bGA,1,1
UCw4IHIMsDO5wpIiprOSXiEA,27,5
UCw527CsYYlcRVR3W2ywMV0A,26,10
UCw8_bi1G4duPevdfktipGOA,24,19
UCw8euwnbhc7emu194zhEiDQ,31,23
UCwA37yjKZ4M4k3mTlM-qpBw,36,31
UCwAdQUuPT6laN-AQR17fe1g,31,13
UCwBAHbp-l9bSOooxu_E8FyQ,63,56
UCwD_1dpfM6bjfEMx-MB43uA,25,13
UCwDxUt_GJc_dwn0xOp0zRBw,40,26
UCwIWAbIeu0xI0ReKWOcw3eg,27,15
UCwKAkgOJ7TISGlwZAq1H0Vg,3,1
UCwKB_00dPL3x5XmHF9IJCrg,6,5
UCwLK17rpMFUfktQEcMzSyWg,25,18
UCwLnkUCslDiUs9JWSJPlOtA,5,4
UCwO9-5vM7QMcolhb-TrJozQ,73,37
UCwO9naEwEdTuT9Q5Vze6XCA,36,24
UCwPm5a6_r_uGMsF16UZZ7bA,35,30
UCwPmDlEaOe1BeZr57yL0vaw,24,18
UCwRa9t7B6WUDMjIdnZ7d6QA,39,8
UCwTRjvjVge51X-ILJ4i22ew,30,14
UCwV-2zV0843TeNAEs2FI0lw,33,8
UCwVUvwMBetYq3nAN4A72cZA,33,13
UCwVxN4-G_OidfmIW4R5VRFw,36,22
UCwXicok1yKCwDWJRkRbJ4KQ,68,49
UCwdx8ruzMqXKgoU4XsdHl8g,33,8
UCweDKPSF65wRw5VHFUJYiow,37,35
UCweYhLNq5E2Qde0OVJHrjEg,13,0
UCwgPdz1IA3zSAAeNHJfALVg,72,49
UCwjZbay3Abw2ub6oYOfIg9g,32,24
UCwlvSJdcMc7iGdR-aducSog,35,30
UCwmGHKwW6AE_NBQ3CNcO9-A,142,44
UCwmZiChSryoWQCZMIQezgTg,103,73
UCwn3j2CZShPwFCWgIPSi-8w,29,9
UCwr-evhuzGZgDFrq_1pLt_A,21,14
UCwuN1GVl0hP0dgBbYjXA51w,27,22
UCwwuSBYcErVlOpveYubHv4g,26,25
UCwx7Y3W30N8aS_tiCy2x-2g,45,37
UCwyVRKfytvjSF6q5s7noKZQ,31,23
UCx-KWLTKlB83hDI6UKECtJQ,40,28
UCx18ywTcohtS9lpNXt8noWQ,30,23
UCx9sVjT6kNuMHIq36IcA-LA,30,9
UCxB7jMnHekMzHsOl9iZpXrA,28,22
UCxEQsjgRRfGWiJJu_PDygxw,28,24
UCxEuzvS8X2ljN5LZACvE0jg,39,37
UCxH0sQJKG6Aq9-vFIPnDZ2A,57,32
UCxHOMpCncSCDosjuAMeL_QA,31,28
UCxHoBXkY88Tb8z1Ssj6CWsQ,1,0
UCxY6a-AggK955JXpEPzlRLA,24,3
UCxd6ifFZycyUB45d2t9VPQw,101,66
UCxgAuX3XZROujMmGphN_scA,97,91
UCxiPSgY4RjnUQBcEYwEPy0w,31,27
UCxjwyHfs_334MLK95XPqGwg,28,18
UCxk4OTmTmSVo5AanTHDr_Bg,29,19
UCxladMszXan-jfgzyeIMyvw,30,19
UCxoz4YfS4M3H3C57FD4jW4Q,61,56
UCxpK_qbte2WqEoI-F34a7ZQ,13,0
UCxqAWLTk1CmBvZFPzeZMd9A,159,134
UCxtoW6ub3QvAgVT2o76inpA,29,11
UCxyiSz4m161Z6frOsFxJpgw,31,26
UCy-k88ww-eWxy6saQFTfXSg,37,17
UCy0tKL1T7wFoYcxCe0xjN6Q,28,26
UCy287hC44mRWpFLj4hK8gKA,65,60
UCy5znSnfMsDwaLlROnZ7Qbg,38,0
UCy6xH_adPsNMD6rQ2yZXB6w,38,37
UCy9NvK3_XGS4o2Zu7P84wMg,32,29
UCyBnpGaK3caGK4Boyh5hYyw,33,28
UCyD4t-kBwhpc-g2jvmhVAwg,28,23
UCyEd6QBSgat5kkC6svyjudA,66,56
UCyHJ94JzwY92NsBVzJ2aE3Q,25,24
UCyHtTtGH3c79iPc5meGA-pg,34,20
UCyKs4L4EULCfySbTybA9bAg,67,30
UCyL0RJe41itDFjd70KKZIZQ,26,22
UCyOXuep3hUvothHwr9k2DAA,23,22
UCyRhbS1VVfjbO06sN0zxsjg,23,20
UCyTS-kqntjFL_qxt9orBytg,40,20
UCyUTC3jCAaLd639lo9n9Bqw,11,8
UCyXD1jAZBdZ4u0K-GLYC77Q,23,15
UCyXH3yV5iAiUex_-Rc-Flgg,109,77
UCyd1FQbwxPyOACQuYgFzsJg,39,24
UCyeVfsThIHM_mEZq7YXIQSQ,29,21
UCyfZyQz37aOcyFmbWGKEpqQ,15,1
UCyh5g11KbG_YdbRw1ktAJqA,34,16
UCyhEZKz-LOwgktptEOh6_Iw,54,52
UCykzEgCDsi-hV3vCFa3bkwQ,26,21
UCymzDnu-l3vZ1fxuqvRePOA,31,20
UCypAoMCRQuNL2RBwy-x4oQg,27,22
UCyuDROQgOF2HrPKqaDjRJUw,3,3
UCyzkxMLeZDcd_Qhzh6uMgbg,32,30
UCz1oFxMrgrQ82-276UCOU9w,64,61
UCz5osAvTYFKjb6Kjcep6vXA,36,26
UCz8QaiQxApLq8sLNcszYyJw,49,44
UCz8y1ABvo6PI1EB8mgyI8cg,32,16
UCzE0cBVasE3tUoUvnxxcn6Q,58,20
UCzF4Ryn8TKn64md77gS5Q5Q,15,13
UCzJ53fi4NuDCYWOk9PtEkCA,32,17
UCzPyTFA2S3m9EbCEYRLr5mQ,16,0
UCzS3-65Y91JhOxFiM7j6grg,25,17
UCzSSoloGEz10HALUAbYhngQ,31,18
UCzTaO6zbdD2FpjZes31ynWw,39,20
UCzWwWbbKHg4aodl0S35R6XA,42,40
UCzYB0J1KFFo5P2EAiRuwdJw,28,11
UCzZIOm9qU-yXukOYRSTlPvA,31,25
UCzaYH6WeohiHKj3Ih_GdZdQ,28,24
UCzcB6yUTNVsvamC_eaDTOCw,22,20
UCznj32AM2r98hZfTxrRo9bQ,36,29
UCzqKhRhaE0fNl_Lg9jTaXbQ,40,36
UCzsEAkRcIsKpd1WaJnRR97A,35,31
UCzuqE7-t13O4NIDYJfakrhw,29,26
UCzzFtVXMzxD08Zej-qokESw,31,15
